pattern_id,song_id,signature,line,difficulty,point_type,point_value,flg,update
1,1,1,3,1,0,0,Y,0
2,1,2,3,4,0,0,Y,0
3,1,3,3,6,0,0,Y,0
4,1,1,4,2,0,0,Y,0
5,1,2,4,5,0,0,Y,0
6,1,3,4,7,0,0,Y,0
7,2,1,3,1,0,0,Y,0
8,2,2,3,3,0,0,Y,0
9,2,3,3,5,0,0,Y,0
10,2,1,4,2,0,0,Y,0
11,2,2,4,4,0,0,Y,0
12,2,3,4,6,0,0,Y,0
13,3,1,3,3,0,0,Y,0
14,3,2,3,5,0,0,Y,0
15,3,3,3,6,0,0,Y,0
16,3,1,4,3,0,0,Y,0
17,3,2,4,5,0,0,Y,0
18,3,3,4,7,0,0,Y,0
19,4,1,3,1,0,0,Y,0
20,4,2,3,2,0,0,Y,0
21,4,3,3,5,0,0,Y,0
22,4,1,4,1,0,0,Y,0
23,4,2,4,3,0,0,Y,0
24,4,3,4,5,0,0,Y,0
25,5,1,3,3,0,0,Y,0
26,5,2,3,5,0,0,Y,0
27,5,3,3,7,0,0,Y,0
28,5,1,4,4,0,0,Y,0
29,5,2,4,6,0,0,Y,0
30,5,3,4,8,0,0,Y,0
31,6,1,3,1,0,0,Y,0
32,6,2,3,3,0,0,Y,0
33,6,3,3,5,0,0,Y,0
34,6,1,4,2,0,0,Y,0
35,6,2,4,4,0,0,Y,0
36,6,3,4,6,0,0,Y,0
37,7,1,3,4,0,0,Y,0
38,7,2,3,6,0,0,Y,0
39,7,3,3,8,0,0,Y,0
40,7,1,4,5,0,0,Y,0
41,7,2,4,6,0,0,Y,0
42,7,3,4,8,0,0,Y,0
43,8,1,3,1,0,0,Y,0
44,8,2,3,2,0,0,Y,0
45,8,3,3,4,0,0,Y,0
46,8,1,4,1,0,0,Y,0
47,8,2,4,3,0,0,Y,0
48,8,3,4,5,0,0,Y,0
49,9,1,3,3,0,0,Y,0
50,9,2,3,4,0,0,Y,0
51,9,3,3,6,0,0,Y,0
52,9,1,4,4,0,0,Y,0
53,9,2,4,5,0,0,Y,0
54,9,3,4,7,0,0,Y,0
55,10,1,3,1,0,0,Y,0
56,10,2,3,2,0,0,Y,0
57,10,3,3,4,0,0,Y,0
58,10,1,4,1,0,0,Y,0
59,10,2,4,3,0,0,Y,0
60,10,3,4,6,0,0,Y,0
61,11,1,3,3,0,0,Y,0
62,11,2,3,5,0,0,Y,0
63,11,3,3,7,0,0,Y,0
64,11,1,4,5,0,0,Y,0
65,11,2,4,7,0,0,Y,0
66,11,3,4,8,0,0,Y,0
67,12,1,3,2,0,0,Y,0
68,12,2,3,3,0,0,Y,0
69,12,3,3,5,0,0,Y,0
70,12,1,4,2,0,0,Y,0
71,12,2,4,4,0,0,Y,0
72,12,3,4,7,0,0,Y,0
73,13,1,3,2,0,0,Y,0
74,13,2,3,4,0,0,Y,0
75,13,3,3,6,0,0,Y,0
76,13,1,4,3,0,0,Y,0
77,13,2,4,5,0,0,Y,0
78,13,3,4,7,0,0,Y,0
79,14,1,3,3,0,0,Y,0
80,14,2,3,5,0,0,Y,0
81,14,3,3,8,0,0,Y,0
82,14,1,4,4,0,0,Y,0
83,14,2,4,6,0,0,Y,0
84,14,3,4,8,0,0,Y,0
85,15,1,3,2,0,0,Y,0
86,15,2,3,4,0,0,Y,0
87,15,3,3,8,0,0,Y,0
88,15,1,4,3,0,0,Y,0
89,15,2,4,6,0,0,Y,0
90,15,3,4,8,0,0,Y,0
91,16,1,3,1,0,0,Y,0
92,16,2,3,2,0,0,Y,0
93,16,3,3,4,0,0,Y,0
94,16,1,4,1,0,0,Y,0
95,16,2,4,3,0,0,Y,0
96,16,3,4,5,0,0,Y,0
97,17,1,3,2,0,0,Y,0
98,17,2,3,3,0,0,Y,0
99,17,3,3,6,0,0,Y,0
100,17,1,4,3,0,0,Y,0
101,17,2,4,5,0,0,Y,0
102,17,3,4,6,0,0,Y,0
103,18,1,3,1,0,0,Y,0
104,18,2,3,4,0,0,Y,0
105,18,3,3,5,0,0,Y,0
106,18,1,4,2,0,0,Y,0
107,18,2,4,5,0,0,Y,0
108,18,3,4,6,0,0,Y,0
109,19,1,3,1,0,0,Y,0
110,19,2,3,3,0,0,Y,0
111,19,3,3,5,0,0,Y,0
112,19,1,4,1,0,0,Y,0
113,19,2,4,4,0,0,Y,0
114,19,3,4,6,0,0,Y,0
115,20,1,3,1,0,0,Y,0
116,20,2,3,2,0,0,Y,0
117,20,3,3,4,0,0,Y,0
118,20,1,4,1,0,0,Y,0
119,20,2,4,3,0,0,Y,0
120,20,3,4,5,0,0,Y,0
121,21,1,3,3,0,0,Y,0
122,21,2,3,5,0,0,Y,0
123,21,3,3,6,0,0,Y,0
124,21,1,4,4,0,0,Y,0
125,21,2,4,6,0,0,Y,0
126,21,3,4,8,0,0,Y,0
127,22,1,3,5,0,0,Y,0
128,22,2,3,7,0,0,Y,0
129,22,3,3,9,0,0,Y,0
130,22,1,4,6,0,0,Y,0
131,22,2,4,8,0,0,Y,0
132,22,3,4,10,0,0,Y,0
133,23,1,3,4,0,0,Y,0
134,23,2,3,6,0,0,Y,0
135,23,3,3,8,0,0,Y,0
136,23,1,4,5,0,0,Y,0
137,23,2,4,7,0,0,Y,0
138,23,3,4,9,0,0,Y,0
139,24,1,3,2,0,0,Y,0
140,24,2,3,4,0,0,Y,0
141,24,3,3,6,0,0,Y,0
142,24,1,4,3,0,0,Y,0
143,24,2,4,5,0,0,Y,0
144,24,3,4,7,0,0,Y,0
145,25,1,3,4,0,0,Y,0
146,25,2,3,6,0,0,Y,0
147,25,3,3,8,0,0,Y,0
148,25,1,4,6,0,0,Y,0
149,25,2,4,7,0,0,Y,0
150,25,3,4,8,0,0,Y,0
151,26,1,3,4,0,0,Y,0
152,26,2,3,6,0,0,Y,0
153,26,3,3,7,0,0,Y,0
154,26,1,4,6,0,0,Y,0
155,26,2,4,7,0,0,Y,0
156,26,3,4,9,0,0,Y,0
157,27,1,3,5,0,0,Y,0
158,27,2,3,6,0,0,Y,0
159,27,3,3,8,0,0,Y,0
160,27,1,4,5,0,0,Y,0
161,27,2,4,7,0,0,Y,0
162,27,3,4,9,0,0,Y,0
163,28,1,3,1,0,0,Y,0
164,28,2,3,2,0,0,Y,0
165,28,3,3,5,0,0,Y,0
166,28,1,4,1,0,0,Y,0
167,28,2,4,3,0,0,Y,0
168,28,3,4,6,0,0,Y,0
169,29,1,3,3,0,0,Y,0
170,29,2,3,5,0,0,Y,0
171,29,3,3,7,0,0,Y,0
172,29,1,4,4,0,0,Y,0
173,29,2,4,6,0,0,Y,0
174,29,3,4,8,0,0,Y,0
175,30,1,3,4,0,0,Y,0
176,30,2,3,6,0,0,Y,0
177,30,3,3,9,0,0,Y,0
178,30,1,4,6,0,0,Y,0
179,30,2,4,8,0,0,Y,0
180,30,3,4,10,0,0,Y,0
181,31,1,3,4,0,0,Y,0
182,31,2,3,6,0,0,Y,0
183,31,3,3,9,0,0,Y,0
184,31,1,4,5,0,0,Y,0
185,31,2,4,7,0,0,Y,0
186,31,3,4,10,0,0,Y,0
187,32,1,3,1,0,0,Y,0
188,32,2,3,4,0,0,Y,0
189,32,3,3,6,0,0,Y,0
190,32,1,4,2,0,0,Y,0
191,32,2,4,4,0,0,Y,0
192,32,3,4,7,0,0,Y,0
193,33,1,3,3,0,0,Y,0
194,33,2,3,5,0,0,Y,0
195,33,3,3,7,0,0,Y,0
196,33,1,4,4,0,0,Y,0
197,33,2,4,6,0,0,Y,0
198,33,3,4,8,0,0,Y,0
199,34,1,3,1,0,0,Y,0
200,34,2,3,2,0,0,Y,0
201,34,3,3,4,0,0,Y,0
202,34,1,4,1,0,0,Y,0
203,34,2,4,3,0,0,Y,0
204,34,3,4,5,0,0,Y,0
205,35,1,3,2,0,0,Y,0
206,35,2,3,4,0,0,Y,0
207,35,3,3,6,0,0,Y,0
208,35,1,4,3,0,0,Y,0
209,35,2,4,5,0,0,Y,0
210,35,3,4,7,0,0,Y,0
211,36,1,3,2,0,0,Y,0
212,36,2,3,3,0,0,Y,0
213,36,3,3,5,0,0,Y,0
214,36,1,4,2,0,0,Y,0
215,36,2,4,4,0,0,Y,0
216,36,3,4,6,0,0,Y,0
217,37,1,3,3,0,0,Y,0
218,37,2,3,5,0,0,Y,0
219,37,3,3,6,0,0,Y,0
220,37,1,4,3,0,0,Y,0
221,37,2,4,5,0,0,Y,0
222,37,3,4,7,0,0,Y,0
223,38,1,3,4,0,0,Y,0
224,38,2,3,6,0,0,Y,0
225,38,3,3,7,0,0,Y,0
226,38,1,4,4,0,0,Y,0
227,38,2,4,6,0,0,Y,0
228,38,3,4,8,0,0,Y,0
229,39,1,3,2,0,0,Y,0
230,39,2,3,4,0,0,Y,0
231,39,3,3,6,0,0,Y,0
232,39,1,4,3,0,0,Y,0
233,39,2,4,5,0,0,Y,0
234,39,3,4,7,0,0,Y,0
235,40,1,3,2,0,0,Y,0
236,40,2,3,5,0,0,Y,0
237,40,3,3,6,0,0,Y,0
238,40,1,4,3,0,0,Y,0
239,40,2,4,6,0,0,Y,0
240,40,3,4,7,0,0,Y,0
241,41,1,3,1,0,0,Y,0
242,41,2,3,4,0,0,Y,0
243,41,3,3,5,0,0,Y,0
244,41,1,4,2,0,0,Y,0
245,41,2,4,4,0,0,Y,0
246,41,3,4,5,0,0,Y,0
247,42,1,3,3,0,0,Y,0
248,42,2,3,5,0,0,Y,0
249,42,3,3,7,0,0,Y,0
250,42,1,4,4,0,0,Y,0
251,42,2,4,7,0,0,Y,0
252,42,3,4,8,0,0,Y,0
253,43,1,3,3,0,0,Y,0
254,43,2,3,5,0,0,Y,0
255,43,3,3,7,0,0,Y,0
256,43,1,4,3,0,0,Y,0
257,43,2,4,5,0,0,Y,0
258,43,3,4,8,0,0,Y,0
259,44,1,3,1,0,0,Y,0
260,44,2,3,3,0,0,Y,0
261,44,3,3,5,0,0,Y,0
262,44,1,4,2,0,0,Y,0
263,44,2,4,4,0,0,Y,0
264,44,3,4,6,0,0,Y,0
265,45,1,3,3,0,0,Y,0
266,45,2,3,5,0,0,Y,0
267,45,3,3,7,0,0,Y,0
268,45,1,4,3,0,0,Y,0
269,45,2,4,5,0,0,Y,0
270,45,3,4,7,0,0,Y,0
271,46,1,3,2,0,0,Y,0
272,46,2,3,4,0,0,Y,0
273,46,3,3,5,0,0,Y,0
274,46,1,4,2,0,0,Y,0
275,46,2,4,4,0,0,Y,0
276,46,3,4,6,0,0,Y,0
277,47,1,3,3,0,0,Y,0
278,47,2,3,5,0,0,Y,0
279,47,3,3,7,0,0,Y,0
280,47,1,4,4,0,0,Y,0
281,47,2,4,6,0,0,Y,0
282,47,3,4,8,0,0,Y,0
283,48,1,3,2,0,0,Y,0
284,48,2,3,3,0,0,Y,0
285,48,3,3,5,0,0,Y,0
286,48,1,4,2,0,0,Y,0
287,48,2,4,4,0,0,Y,0
288,48,3,4,7,0,0,Y,0
289,49,1,3,2,0,0,Y,0
290,49,2,3,4,0,0,Y,0
291,49,3,3,5,0,0,Y,0
292,49,1,4,3,0,0,Y,0
293,49,2,4,5,0,0,Y,0
294,49,3,4,6,0,0,Y,0
295,50,1,3,3,0,0,Y,0
296,50,2,3,5,0,0,Y,0
297,50,3,3,7,0,0,Y,0
298,50,1,4,4,0,0,Y,0
299,50,2,4,6,0,0,Y,0
300,50,3,4,8,0,0,Y,0
301,51,1,3,4,0,0,Y,0
302,51,2,3,6,0,0,Y,0
303,51,3,3,8,0,0,Y,0
304,51,1,4,5,0,0,Y,0
305,51,2,4,7,0,0,Y,0
306,51,3,4,9,0,0,Y,0
307,52,1,3,1,0,0,Y,0
308,52,2,3,4,0,0,Y,0
309,52,3,3,7,0,0,Y,0
310,52,1,4,3,0,0,Y,0
311,52,2,4,5,0,0,Y,0
312,52,3,4,7,0,0,Y,0
313,53,1,3,5,0,0,Y,0
314,53,2,3,7,0,0,Y,0
315,53,3,3,9,0,0,Y,0
316,53,1,4,6,0,0,Y,0
317,53,2,4,8,0,0,Y,0
318,53,3,4,9,0,0,Y,0
319,54,1,3,2,0,0,Y,0
320,54,2,3,4,0,0,Y,0
321,54,3,3,6,0,0,Y,0
322,54,1,4,3,0,0,Y,0
323,54,2,4,5,0,0,Y,0
324,54,3,4,7,0,0,Y,0
325,55,1,3,4,0,0,Y,0
326,55,2,3,5,0,0,Y,0
327,55,3,3,7,0,0,Y,0
328,55,1,4,4,0,0,Y,0
329,55,2,4,6,0,0,Y,0
330,55,3,4,9,0,0,Y,0
331,56,1,3,2,0,0,Y,0
332,56,2,3,4,0,0,Y,0
333,56,3,3,6,0,0,Y,0
334,56,1,4,2,0,0,Y,0
335,56,2,4,5,0,0,Y,0
336,56,3,4,7,0,0,Y,0
337,57,1,3,3,0,0,Y,0
338,57,2,3,4,0,0,Y,0
339,57,3,3,5,0,0,Y,0
340,57,1,4,4,0,0,Y,0
341,57,2,4,5,0,0,Y,0
342,57,3,4,6,0,0,Y,0
343,58,1,3,4,0,0,Y,0
344,58,2,3,5,0,0,Y,0
345,58,3,3,7,0,0,Y,0
346,58,1,4,4,0,0,Y,0
347,58,2,4,6,0,0,Y,0
348,58,3,4,8,0,0,Y,0
349,59,1,3,3,0,0,Y,0
350,59,2,3,5,0,0,Y,0
351,59,3,3,7,0,0,Y,0
352,59,1,4,4,0,0,Y,0
353,59,2,4,6,0,0,Y,0
354,59,3,4,8,0,0,Y,0
355,60,1,3,2,0,0,Y,0
356,60,2,3,4,0,0,Y,0
357,60,3,3,7,0,0,Y,0
358,60,1,4,3,0,0,Y,0
359,60,2,4,5,0,0,Y,0
360,60,3,4,7,0,0,Y,0
361,61,1,3,3,0,0,Y,0
362,61,2,3,5,0,0,Y,0
363,61,3,3,7,0,0,Y,0
364,61,1,4,4,0,0,Y,0
365,61,2,4,6,0,0,Y,0
366,61,3,4,7,0,0,Y,0
367,62,1,3,4,0,0,Y,0
368,62,2,3,6,0,0,Y,0
369,62,3,3,8,0,0,Y,0
370,62,1,4,5,0,0,Y,0
371,62,2,4,7,0,0,Y,0
372,62,3,4,9,0,0,Y,0
373,63,1,3,2,0,0,Y,0
374,63,2,3,4,0,0,Y,0
375,63,3,3,6,0,0,Y,0
376,63,1,4,3,0,0,Y,0
377,63,2,4,5,0,0,Y,0
378,63,3,4,7,0,0,Y,0
379,64,1,3,1,0,0,Y,0
380,64,2,3,3,0,0,Y,0
381,64,3,3,5,0,0,Y,0
382,64,1,4,2,0,0,Y,0
383,64,2,4,5,0,0,Y,0
384,64,3,4,6,0,0,Y,0
385,65,1,3,3,0,0,Y,0
386,65,2,3,5,0,0,Y,0
387,65,3,3,7,0,0,Y,0
388,65,1,4,4,0,0,Y,0
389,65,2,4,6,0,0,Y,0
390,65,3,4,7,0,0,Y,0
391,66,1,3,2,0,0,Y,0
392,66,2,3,4,0,0,Y,0
393,66,3,3,6,0,0,Y,0
394,66,1,4,3,0,0,Y,0
395,66,2,4,5,0,0,Y,0
396,66,3,4,7,0,0,Y,0
397,67,1,3,3,0,0,Y,0
398,67,2,3,6,0,0,Y,0
399,67,3,3,7,0,0,Y,0
400,67,1,4,4,0,0,Y,0
401,67,2,4,6,0,0,Y,0
402,67,3,4,8,0,0,Y,0
403,68,1,3,3,0,0,Y,0
404,68,2,3,5,0,0,Y,0
405,68,3,3,7,0,0,Y,0
406,68,1,4,4,0,0,Y,0
407,68,2,4,6,0,0,Y,0
408,68,3,4,8,0,0,Y,0
409,69,1,3,2,0,0,Y,0
410,69,2,3,4,0,0,Y,0
411,69,3,3,7,0,0,Y,0
412,69,1,4,3,0,0,Y,0
413,69,2,4,5,0,0,Y,0
414,69,3,4,7,0,0,Y,0
415,70,1,3,3,0,0,Y,0
416,70,2,3,5,0,0,Y,0
417,70,3,3,7,0,0,Y,0
418,70,1,4,4,0,0,Y,0
419,70,2,4,6,0,0,Y,0
420,70,3,4,7,0,0,Y,0
421,71,1,3,3,0,0,Y,0
422,71,2,3,5,0,0,Y,0
423,71,3,3,6,0,0,Y,0
424,71,1,4,3,0,0,Y,0
425,71,2,4,5,0,0,Y,0
426,71,3,4,7,0,0,Y,0
427,72,1,3,5,0,0,Y,0
428,72,2,3,7,0,0,Y,0
429,72,3,3,10,0,0,Y,0
430,72,1,4,6,0,0,Y,0
431,72,2,4,8,0,0,Y,0
432,72,3,4,10,0,0,Y,0
433,73,1,3,5,0,0,Y,0
434,73,2,3,7,0,0,Y,0
435,73,3,3,9,0,0,Y,0
436,73,1,4,6,0,0,Y,0
437,73,2,4,8,0,0,Y,0
438,73,3,4,10,0,0,Y,0
439,74,1,3,2,0,0,Y,0
440,74,2,3,5,0,0,Y,0
441,74,3,3,6,0,0,Y,0
442,74,1,4,3,0,0,Y,0
443,74,2,4,6,0,0,Y,0
444,74,3,4,7,0,0,Y,0
445,75,1,3,2,0,0,Y,0
446,75,2,3,4,0,0,Y,0
447,75,3,3,6,0,0,Y,0
448,75,1,4,3,0,0,Y,0
449,75,2,4,5,0,0,Y,0
450,75,3,4,7,0,0,Y,0
451,76,1,3,4,0,0,Y,0
452,76,2,3,6,0,0,Y,0
453,76,3,3,8,0,0,Y,0
454,76,1,4,5,0,0,Y,0
455,76,2,4,7,0,0,Y,0
456,76,3,4,10,0,0,Y,0
457,77,1,3,3,0,0,Y,0
458,77,2,3,5,0,0,Y,0
459,77,3,3,6,0,0,Y,0
460,77,1,4,3,0,0,Y,0
461,77,2,4,5,0,0,Y,0
462,77,3,4,7,0,0,Y,0
463,78,1,3,2,0,0,Y,0
464,78,2,3,5,0,0,Y,0
465,78,3,3,7,0,0,Y,0
466,78,1,4,3,0,0,Y,0
467,78,2,4,6,0,0,Y,0
468,78,3,4,8,0,0,Y,0
469,79,1,3,3,0,0,Y,0
470,79,2,3,5,0,0,Y,0
471,79,3,3,8,0,0,Y,0
472,79,1,4,3,0,0,Y,0
473,79,2,4,6,0,0,Y,0
474,79,3,4,9,0,0,Y,0
475,80,1,3,3,0,0,Y,0
476,80,2,3,5,0,0,Y,0
477,80,3,3,7,0,0,Y,0
478,80,1,4,4,0,0,Y,0
479,80,2,4,6,0,0,Y,0
480,80,3,4,8,0,0,Y,0
481,81,1,3,4,0,0,Y,0
482,81,2,3,6,0,0,Y,0
483,81,3,3,8,0,0,Y,0
484,81,1,4,5,0,0,Y,0
485,81,2,4,7,0,0,Y,0
486,81,3,4,10,0,0,Y,0
487,82,1,3,1,0,0,Y,0
488,82,2,3,4,0,0,Y,0
489,82,3,3,6,0,0,Y,0
490,82,1,4,1,0,0,Y,0
491,82,2,4,5,0,0,Y,0
492,82,3,4,7,0,0,Y,0
493,83,1,3,4,0,0,Y,0
494,83,2,3,6,0,0,Y,0
495,83,3,3,7,0,0,Y,0
496,83,1,4,5,0,0,Y,0
497,83,2,4,6,0,0,Y,0
498,83,3,4,8,0,0,Y,0
499,84,1,3,5,0,0,Y,0
500,84,2,3,7,0,0,Y,0
501,84,3,3,9,0,0,Y,0
502,84,1,4,6,0,0,Y,0
503,84,2,4,8,0,0,Y,0
504,84,3,4,10,0,0,Y,0
505,85,1,3,3,0,0,Y,0
506,85,2,3,6,0,0,Y,0
507,85,3,3,7,0,0,Y,0
508,85,1,4,4,0,0,Y,0
509,85,2,4,7,0,0,Y,0
510,85,3,4,8,0,0,Y,0
511,86,1,3,3,0,0,Y,0
512,86,2,3,5,0,0,Y,0
513,86,3,3,7,0,0,Y,0
514,86,1,4,5,0,0,Y,0
515,86,2,4,6,0,0,Y,0
516,86,3,4,8,0,0,Y,0
517,87,1,3,2,0,0,Y,0
518,87,2,3,4,0,0,Y,0
519,87,3,3,6,0,0,Y,0
520,87,1,4,3,0,0,Y,0
521,87,2,4,5,0,0,Y,0
522,87,3,4,7,0,0,Y,0
523,88,1,3,3,0,0,Y,0
524,88,2,3,5,0,0,Y,0
525,88,3,3,7,0,0,Y,0
526,88,1,4,4,0,0,Y,0
527,88,2,4,6,0,0,Y,0
528,88,3,4,8,0,0,Y,0
529,89,1,3,3,0,0,Y,0
530,89,2,3,5,0,0,Y,0
531,89,3,3,6,0,0,Y,0
532,89,1,4,3,0,0,Y,0
533,89,2,4,6,0,0,Y,0
534,89,3,4,7,0,0,Y,0
535,90,1,3,4,0,0,Y,0
536,90,2,3,6,0,0,Y,0
537,90,3,3,7,0,0,Y,0
538,90,1,4,5,0,0,Y,0
539,90,2,4,6,0,0,Y,0
540,90,3,4,8,0,0,Y,0
541,91,1,3,4,0,0,Y,0
542,91,2,3,6,0,0,Y,0
543,91,3,3,8,0,0,Y,0
544,91,1,4,4,0,0,Y,0
545,91,2,4,7,0,0,Y,0
546,91,3,4,9,0,0,Y,0
547,92,1,3,5,0,0,Y,0
548,92,2,3,6,0,0,Y,0
549,92,3,3,8,0,0,Y,0
550,92,1,4,5,0,0,Y,0
551,92,2,4,7,0,0,Y,0
552,92,3,4,8,0,0,Y,0
553,93,1,3,5,0,0,Y,0
554,93,2,3,7,0,0,Y,0
555,93,3,3,9,0,0,Y,0
556,93,1,4,6,0,0,Y,0
557,93,2,4,8,0,0,Y,0
558,93,3,4,10,0,0,Y,0
559,94,1,3,4,0,0,Y,0
560,94,2,3,7,0,0,Y,0
561,94,3,3,8,0,0,Y,0
562,94,1,4,6,0,0,Y,0
563,94,2,4,8,0,0,Y,0
564,94,3,4,9,0,0,Y,0
565,95,1,3,5,0,0,Y,0
566,95,2,3,6,0,0,Y,0
567,95,3,3,8,0,0,Y,0
568,95,1,4,5,0,0,Y,0
569,95,2,4,7,0,0,Y,0
570,95,3,4,8,0,0,Y,0
571,96,1,3,2,0,0,Y,0
572,96,2,3,5,0,0,Y,0
573,96,3,3,7,0,0,Y,0
574,96,1,4,3,0,0,Y,0
575,96,2,4,6,0,0,Y,0
576,96,3,4,7,0,0,Y,0
577,97,1,3,3,0,0,Y,0
578,97,2,3,5,0,0,Y,0
579,97,3,3,7,0,0,Y,0
580,97,1,4,3,0,0,Y,0
581,97,2,4,5,0,0,Y,0
582,97,3,4,8,0,0,Y,0
583,98,1,3,4,0,0,Y,0
584,98,2,3,6,0,0,Y,0
585,98,3,3,8,0,0,Y,0
586,98,1,4,5,0,0,Y,0
587,98,2,4,6,0,0,Y,0
588,98,3,4,8,0,0,Y,0
589,99,1,3,4,0,0,Y,0
590,99,2,3,7,0,0,Y,0
591,99,3,3,8,0,0,Y,0
592,99,1,4,5,0,0,Y,0
593,99,2,4,7,0,0,Y,0
594,99,3,4,9,0,0,Y,0
595,100,1,3,4,0,0,Y,0
596,100,2,3,6,0,0,Y,0
597,100,3,3,8,0,0,Y,0
598,100,1,4,5,0,0,Y,0
599,100,2,4,7,0,0,Y,0
600,100,3,4,9,0,0,Y,0
601,101,1,3,7,0,0,Y,0
602,101,2,3,8,0,0,Y,0
603,101,3,3,10,0,0,Y,0
604,101,1,4,7,0,0,Y,0
605,101,2,4,9,0,0,Y,0
606,101,3,4,10,0,0,Y,0
607,102,1,3,6,0,0,Y,0
608,102,2,3,7,0,0,Y,0
609,102,3,3,10,0,0,Y,0
610,102,1,4,6,0,0,Y,0
611,102,2,4,8,0,0,Y,0
612,102,3,4,10,0,0,Y,0
613,103,1,3,5,0,0,Y,0
614,103,2,3,7,0,0,Y,0
615,103,3,3,9,0,0,Y,0
616,103,1,4,5,0,0,Y,0
617,103,2,4,8,0,0,Y,0
618,103,3,4,9,0,0,Y,0
619,104,1,3,6,0,0,Y,0
620,104,2,3,8,0,0,Y,0
621,104,3,3,10,0,0,Y,0
622,104,1,4,6,0,0,Y,0
623,104,2,4,7,0,0,Y,0
624,104,3,4,9,0,0,Y,0
625,105,1,3,5,0,0,Y,0
626,105,2,3,6,0,0,Y,0
627,105,3,3,7,0,0,Y,0
628,105,1,4,5,0,0,Y,0
629,105,2,4,6,0,0,Y,0
630,105,3,4,7,0,0,Y,0
631,106,1,3,3,0,0,Y,0
632,106,2,3,5,0,0,Y,0
633,106,3,3,7,0,0,Y,0
634,106,1,4,4,0,0,Y,0
635,106,2,4,6,0,0,Y,0
636,106,3,4,9,0,0,Y,0
637,107,1,3,3,0,0,Y,0
638,107,2,3,5,0,0,Y,0
639,107,3,3,7,0,0,Y,0
640,107,1,4,4,0,0,Y,0
641,107,2,4,6,0,0,Y,0
642,107,3,4,8,0,0,Y,0
643,108,1,3,2,0,0,Y,0
644,108,2,3,4,0,0,Y,0
645,108,3,3,5,0,0,Y,0
646,108,1,4,4,0,0,Y,0
647,108,2,4,5,0,0,Y,0
648,108,3,4,8,0,0,Y,0
649,109,1,3,2,0,0,Y,0
650,109,2,3,3,0,0,Y,0
651,109,3,3,7,0,0,Y,0
652,109,1,4,2,0,0,Y,0
653,109,2,4,4,0,0,Y,0
654,109,3,4,7,0,0,Y,0
655,110,1,3,2,0,0,Y,0
656,110,2,3,6,0,0,Y,0
657,110,3,3,7,0,0,Y,0
658,110,1,4,5,0,0,Y,0
659,110,2,4,7,0,0,Y,0
660,110,3,4,8,0,0,Y,0
661,111,1,3,1,0,0,Y,0
662,111,2,3,2,0,0,Y,0
663,111,3,3,3,0,0,Y,0
664,111,1,4,2,0,0,Y,0
665,111,2,4,3,0,0,Y,0
666,111,3,4,5,0,0,Y,0
667,112,1,3,3,0,0,Y,0
668,112,2,3,4,0,0,Y,0
669,112,3,3,6,0,0,Y,0
670,112,1,4,4,0,0,Y,0
671,112,2,4,6,0,0,Y,0
672,112,3,4,8,0,0,Y,0
673,113,1,3,1,0,0,Y,0
674,113,2,3,5,0,0,Y,0
675,113,3,3,7,0,0,Y,0
676,113,1,4,2,0,0,Y,0
677,113,2,4,7,0,0,Y,0
678,113,3,4,9,0,0,Y,0
679,114,1,3,3,0,0,Y,0
680,114,2,3,5,0,0,Y,0
681,114,3,3,6,0,0,Y,0
682,114,1,4,4,0,0,Y,0
683,114,2,4,5,0,0,Y,0
684,114,3,4,8,0,0,Y,0
685,115,1,3,2,0,0,Y,0
686,115,2,3,3,0,0,Y,0
687,115,3,3,6,0,0,Y,0
688,115,1,4,4,0,0,Y,0
689,115,2,4,6,0,0,Y,0
690,115,3,4,8,0,0,Y,0
691,116,1,3,3,0,0,Y,0
692,116,2,3,6,0,0,Y,0
693,116,3,3,8,0,0,Y,0
694,116,1,4,3,0,0,Y,0
695,116,2,4,6,0,0,Y,0
696,116,3,4,8,0,0,Y,0
697,117,1,3,2,0,0,Y,0
698,117,2,3,6,0,0,Y,0
699,117,3,3,7,0,0,Y,0
700,117,1,4,3,0,0,Y,0
701,117,2,4,6,0,0,Y,0
702,117,3,4,8,0,0,Y,0
703,118,1,3,1,0,0,Y,0
704,118,2,3,3,0,0,Y,0
705,118,3,3,6,0,0,Y,0
706,118,1,4,1,0,0,Y,0
707,118,2,4,4,0,0,Y,0
708,118,3,4,6,0,0,Y,0
709,119,1,3,3,0,0,Y,0
710,119,2,3,7,0,0,Y,0
711,119,3,3,9,0,0,Y,0
712,119,1,4,4,0,0,Y,0
713,119,2,4,7,0,0,Y,0
714,119,3,4,9,0,0,Y,0
715,120,1,3,2,0,0,Y,0
716,120,2,3,4,0,0,Y,0
717,120,3,3,7,0,0,Y,0
718,120,1,4,2,0,0,Y,0
719,120,2,4,4,0,0,Y,0
720,120,3,4,7,0,0,Y,0
721,121,1,3,3,0,0,Y,0
722,121,2,3,5,0,0,Y,0
723,121,3,3,7,0,0,Y,0
724,121,1,4,3,0,0,Y,0
725,121,2,4,5,0,0,Y,0
726,121,3,4,8,0,0,Y,0
727,122,1,3,2,0,0,Y,0
728,122,2,3,4,0,0,Y,0
729,122,3,3,6,0,0,Y,0
730,122,1,4,2,0,0,Y,0
731,122,2,4,4,0,0,Y,0
732,122,3,4,7,0,0,Y,0
733,123,1,3,3,0,0,Y,0
734,123,2,3,5,0,0,Y,0
735,123,3,3,8,0,0,Y,0
736,123,1,4,3,0,0,Y,0
737,123,2,4,5,0,0,Y,0
738,123,3,4,9,0,0,Y,0
739,124,1,3,2,0,0,Y,0
740,124,2,3,4,0,0,Y,0
741,124,3,3,7,0,0,Y,0
742,124,1,4,2,0,0,Y,0
743,124,2,4,5,0,0,Y,0
744,124,3,4,7,0,0,Y,0
745,125,1,3,3,0,0,Y,0
746,125,2,3,6,0,0,Y,0
747,125,3,3,8,0,0,Y,0
748,125,1,4,4,0,0,Y,0
749,125,2,4,6,0,0,Y,0
750,125,3,4,8,0,0,Y,0
751,126,1,3,2,0,0,Y,0
752,126,2,3,4,0,0,Y,0
753,126,3,3,6,0,0,Y,0
754,126,1,4,2,0,0,Y,0
755,126,2,4,4,0,0,Y,0
756,126,3,4,7,0,0,Y,0
757,127,1,3,3,0,0,Y,0
758,127,2,3,6,0,0,Y,0
759,127,3,3,8,0,0,Y,0
760,127,1,4,4,0,0,Y,0
761,127,2,4,6,0,0,Y,0
762,127,3,4,9,0,0,Y,0
763,128,1,3,3,0,0,Y,0
764,128,2,3,5,0,0,Y,0
765,128,3,3,7,0,0,Y,0
766,128,1,4,3,0,0,Y,0
767,128,2,4,5,0,0,Y,0
768,128,3,4,7,0,0,Y,0
769,129,1,3,3,0,0,Y,0
770,129,2,3,5,0,0,Y,0
771,129,3,3,6,0,0,Y,0
772,129,1,4,4,0,0,Y,0
773,129,2,4,5,0,0,Y,0
774,129,3,4,8,0,0,Y,0
775,130,1,3,3,0,0,Y,0
776,130,2,3,4,0,0,Y,0
777,130,3,3,6,0,0,Y,0
778,130,1,4,3,0,0,Y,0
779,130,2,4,4,0,0,Y,0
780,130,3,4,7,0,0,Y,0
781,131,1,3,4,0,0,Y,0
782,131,2,3,7,0,0,Y,0
783,131,3,3,9,0,0,Y,0
784,131,1,4,5,0,0,Y,0
785,131,2,4,7,0,0,Y,0
786,131,3,4,10,0,0,Y,0
787,132,1,3,3,0,0,Y,0
788,132,2,3,5,0,0,Y,0
789,132,3,3,7,0,0,Y,0
790,132,1,4,3,0,0,Y,0
791,132,2,4,5,0,0,Y,0
792,132,3,4,7,0,0,Y,0
793,133,1,3,3,0,0,Y,0
794,133,2,3,5,0,0,Y,0
795,133,3,3,8,0,0,Y,0
796,133,1,4,4,0,0,Y,0
797,133,2,4,6,0,0,Y,0
798,133,3,4,8,0,0,Y,0
799,134,1,3,3,0,0,Y,0
800,134,2,3,5,0,0,Y,0
801,134,3,3,7,0,0,Y,0
802,134,1,4,4,0,0,Y,0
803,134,2,4,6,0,0,Y,0
804,134,3,4,8,0,0,Y,0
805,135,1,3,4,0,0,Y,0
806,135,2,3,7,0,0,Y,0
807,135,3,3,9,0,0,Y,0
808,135,1,4,5,0,0,Y,0
809,135,2,4,7,0,0,Y,0
810,135,3,4,9,0,0,Y,0
811,136,1,3,3,0,0,Y,0
812,136,2,3,5,0,0,Y,0
813,136,3,3,7,0,0,Y,0
814,136,1,4,3,0,0,Y,0
815,136,2,4,6,0,0,Y,0
816,136,3,4,8,0,0,Y,0
817,1,0,3,1,0,0,Y,0
818,1,0,4,1,0,0,Y,0
819,2,0,3,1,0,0,Y,0
820,2,0,4,1,0,0,Y,0
821,3,0,3,2,0,0,Y,0
822,3,0,4,2,0,0,Y,0
823,4,0,3,2,0,0,Y,0
824,4,0,4,2,0,0,Y,0
825,5,0,3,3,0,0,Y,0
826,5,0,4,3,0,0,Y,0
827,6,0,3,1,0,0,Y,0
828,6,0,4,1,0,0,Y,0
829,104,0,3,3,0,0,Y,0
830,104,0,4,3,0,0,Y,0
831,105,0,3,3,0,0,Y,0
832,105,0,4,3,0,0,Y,0
833,106,0,3,2,0,0,Y,0
834,106,0,4,2,0,0,Y,0
835,107,0,3,2,0,0,Y,0
836,107,0,4,2,0,0,Y,0
837,120,0,3,1,0,0,Y,0
838,120,0,4,1,0,0,Y,0
839,7,0,3,2,0,0,Y,0
840,7,0,4,2,0,0,Y,0
841,137,1,3,3,0,0,Y,0
842,137,2,3,5,0,0,Y,0
843,137,3,3,7,0,0,Y,0
844,137,1,4,4,0,0,Y,0
845,137,2,4,6,0,0,Y,0
846,137,3,4,8,0,0,Y,0
847,138,1,3,4,0,0,Y,0
848,138,2,3,6,0,0,Y,0
849,138,3,3,8,0,0,Y,0
850,138,1,4,3,0,0,Y,0
851,138,2,4,6,0,0,Y,0
852,138,3,4,9,0,0,Y,0
853,139,1,3,4,0,0,Y,0
854,139,2,3,6,0,0,Y,0
855,139,3,3,8,0,0,Y,0
856,139,1,4,4,0,0,Y,0
857,139,2,4,6,0,0,Y,0
858,139,3,4,8,0,0,Y,0
859,140,1,3,4,0,0,Y,0
860,140,2,3,6,0,0,Y,0
861,140,3,3,9,0,0,Y,0
862,140,1,4,4,0,0,Y,0
863,140,2,4,6,0,0,Y,0
864,140,3,4,9,0,0,Y,0
865,3,1,5,5,1,200,N,0
866,3,2,5,6,1,350,N,0
867,3,3,5,7,1,500,N,0
868,17,1,5,4,1,200,Y,0
869,17,2,5,6,1,350,Y,0
870,17,3,5,7,1,500,Y,0
871,57,1,5,4,1,200,Y,0
872,57,2,5,5,1,350,Y,0
873,57,3,5,6,1,500,Y,0
874,107,1,5,4,1,200,Y,0
875,107,2,5,6,1,350,Y,0
876,107,3,5,7,1,500,Y,0
877,114,1,5,4,1,200,Y,0
878,114,2,5,5,1,350,Y,0
879,114,3,5,8,1,500,Y,0
880,121,1,5,4,1,200,N,0
881,121,2,5,7,1,350,N,0
882,121,3,5,8,1,500,N,0
883,89,1,5,5,1,200,Y,0
884,89,2,5,6,1,350,Y,0
885,89,3,5,7,1,500,Y,0
886,113,1,5,3,1,200,N,0
887,113,2,5,6,1,350,N,0
888,113,3,5,10,1,500,N,0
889,123,1,5,5,1,200,Y,0
890,123,2,5,7,1,350,Y,0
891,123,3,5,9,1,500,Y,0
892,141,1,3,3,0,0,Y,0
893,141,2,3,5,0,0,Y,0
894,141,3,3,8,0,0,Y,0
895,141,1,4,4,0,0,Y,0
896,141,2,4,6,0,0,Y,0
897,141,3,4,9,0,0,Y,0
898,142,1,3,3,0,0,Y,0
899,142,2,3,4,0,0,Y,0
900,142,3,3,6,0,0,Y,0
901,142,1,4,3,0,0,Y,0
902,142,2,4,4,0,0,Y,0
903,142,3,4,6,0,0,Y,0
904,143,1,3,3,0,0,Y,0
905,143,2,3,5,0,0,Y,0
906,143,3,3,8,0,0,Y,0
907,143,1,4,3,0,0,Y,0
908,143,2,4,6,0,0,Y,0
909,143,3,4,8,0,0,Y,0
910,144,1,3,3,0,0,Y,0
911,144,2,3,5,0,0,Y,0
912,144,3,3,7,0,0,Y,0
913,144,1,4,4,0,0,Y,0
914,144,2,4,6,0,0,Y,0
915,144,3,4,8,0,0,Y,0
916,145,1,3,3,0,0,Y,0
917,145,2,3,5,0,0,Y,0
918,145,3,3,8,0,0,Y,0
919,145,1,4,3,0,0,Y,0
920,145,2,4,5,0,0,Y,0
921,145,3,4,9,0,0,Y,0
922,146,1,3,2,0,0,Y,0
923,146,2,3,4,0,0,Y,0
924,146,3,3,6,0,0,Y,0
925,146,1,4,3,0,0,Y,0
926,146,2,4,6,0,0,Y,0
927,146,3,4,7,0,0,Y,0
928,147,1,3,2,0,0,Y,0
929,147,2,3,4,0,0,Y,0
930,147,3,3,6,0,0,Y,0
931,147,1,4,2,0,0,Y,0
932,147,2,4,4,0,0,Y,0
933,147,3,4,7,0,0,Y,0
934,148,1,3,4,0,0,Y,0
935,148,2,3,6,0,0,Y,0
936,148,3,3,8,0,0,Y,0
937,148,1,4,4,0,0,Y,0
938,148,2,4,7,0,0,Y,0
939,148,3,4,9,0,0,Y,0
940,149,1,3,4,0,0,Y,0
941,149,2,3,5,0,0,Y,0
942,149,3,3,7,0,0,Y,0
943,149,1,4,4,0,0,Y,0
944,149,2,4,5,0,0,Y,0
945,149,3,4,8,0,0,Y,0
946,150,1,3,3,0,0,Y,0
947,150,2,3,5,0,0,Y,0
948,150,3,3,6,0,0,Y,0
949,150,1,4,3,0,0,Y,0
950,150,2,4,5,0,0,Y,0
951,150,3,4,7,0,0,Y,0
952,151,1,3,2,0,0,Y,0
953,151,2,3,4,0,0,Y,0
954,151,3,3,5,0,0,Y,0
955,151,1,4,2,0,0,Y,0
956,151,2,4,4,0,0,Y,0
957,151,3,4,7,0,0,Y,0
958,152,1,3,2,0,0,Y,0
959,152,2,3,4,0,0,Y,0
960,152,3,3,6,0,0,Y,0
961,152,1,4,2,0,0,Y,0
962,152,2,4,4,0,0,Y,0
963,152,3,4,7,0,0,Y,0
964,153,1,3,2,0,0,Y,0
965,153,2,3,5,0,0,Y,0
966,153,3,3,6,0,0,Y,0
967,153,1,4,2,0,0,Y,0
968,153,2,4,5,0,0,Y,0
969,153,3,4,6,0,0,Y,0
970,154,1,3,2,0,0,Y,0
971,154,2,3,5,0,0,Y,0
972,154,3,3,7,0,0,Y,0
973,154,1,4,3,0,0,Y,0
974,154,2,4,5,0,0,Y,0
975,154,3,4,7,0,0,Y,0
976,155,1,3,3,0,0,Y,0
977,155,2,3,4,0,0,Y,0
978,155,3,3,7,0,0,Y,0
979,155,1,4,3,0,0,Y,0
980,155,2,4,5,0,0,Y,0
981,155,3,4,7,0,0,Y,0
982,156,1,3,4,0,0,Y,0
983,156,2,3,6,0,0,Y,0
984,156,3,3,7,0,0,Y,0
985,156,1,4,4,0,0,Y,0
986,156,2,4,6,0,0,Y,0
987,156,3,4,8,0,0,Y,0
988,157,1,3,3,0,0,Y,0
989,157,2,3,5,0,0,Y,0
990,157,3,3,8,0,0,Y,0
991,157,1,4,3,0,0,Y,0
992,157,2,4,5,0,0,Y,0
993,157,3,4,8,0,0,Y,0
994,158,1,3,4,0,0,Y,0
995,158,2,3,7,0,0,Y,0
996,158,3,3,10,0,0,Y,0
997,158,1,4,4,0,0,Y,0
998,158,2,4,8,0,0,Y,0
999,158,3,4,10,0,0,Y,0
1000,159,1,3,3,0,0,Y,0
1001,159,2,3,5,0,0,Y,0
1002,159,3,3,7,0,0,Y,0
1003,159,1,4,3,0,0,Y,0
1004,159,2,4,5,0,0,Y,0
1005,159,3,4,8,0,0,Y,0
1006,160,1,3,2,0,0,Y,0
1007,160,2,3,4,0,0,Y,0
1008,160,3,3,6,0,0,Y,0
1009,160,1,4,2,0,0,Y,0
1010,160,2,4,4,0,0,Y,0
1011,160,3,4,6,0,0,Y,0
1012,161,1,3,3,0,0,Y,0
1013,161,2,3,5,0,0,Y,0
1014,161,3,3,6,0,0,Y,0
1015,161,1,4,3,0,0,Y,0
1016,161,2,4,6,0,0,Y,0
1017,161,3,4,8,0,0,Y,0
1018,162,1,3,5,0,0,Y,0
1019,162,2,3,7,0,0,Y,0
1020,162,3,3,8,0,0,Y,0
1021,162,1,4,5,0,0,Y,0
1022,162,2,4,8,0,0,Y,0
1023,162,3,4,9,0,0,Y,0
1024,163,1,3,2,0,0,Y,0
1025,163,2,3,5,0,0,Y,0
1026,163,3,3,6,0,0,Y,0
1027,163,1,4,3,0,0,Y,0
1028,163,2,4,5,0,0,Y,0
1029,163,3,4,7,0,0,Y,0
1030,164,1,3,3,0,0,Y,0
1031,164,2,3,6,0,0,Y,0
1032,164,3,3,7,0,0,Y,0
1033,164,1,4,3,0,0,Y,0
1034,164,2,4,6,0,0,Y,0
1035,164,3,4,7,0,0,Y,0
1036,165,1,3,4,0,0,Y,0
1037,165,2,3,7,0,0,Y,0
1038,165,3,3,9,0,0,Y,0
1039,165,1,4,4,0,0,Y,0
1040,165,2,4,7,0,0,Y,0
1041,165,3,4,9,0,0,Y,0
1042,166,1,3,3,0,0,Y,0
1043,166,2,3,5,0,0,Y,0
1044,166,3,3,6,0,0,Y,0
1045,166,1,4,3,0,0,Y,0
1046,166,2,4,5,0,0,Y,0
1047,166,3,4,6,0,0,Y,0
1048,167,1,3,3,0,0,Y,0
1049,167,2,3,5,0,0,Y,0
1050,167,3,3,7,0,0,Y,0
1051,167,1,4,3,0,0,Y,0
1052,167,2,4,5,0,0,Y,0
1053,167,3,4,7,0,0,Y,0
1054,168,1,3,3,0,0,Y,0
1055,168,2,3,6,0,0,Y,0
1056,168,3,3,7,0,0,Y,0
1057,168,1,4,3,0,0,Y,0
1058,168,2,4,6,0,0,Y,0
1059,168,3,4,7,0,0,Y,0
1060,169,1,3,5,0,0,Y,0
1061,169,2,3,7,0,0,Y,0
1062,169,3,3,8,0,0,Y,0
1063,169,1,4,5,0,0,Y,0
1064,169,2,4,7,0,0,Y,0
1065,169,3,4,9,0,0,Y,0
1066,170,1,3,4,0,0,Y,0
1067,170,2,3,6,0,0,Y,0
1068,170,3,3,8,0,0,Y,0
1069,170,1,4,4,0,0,Y,0
1070,170,2,4,7,0,0,Y,0
1071,170,3,4,10,0,0,Y,0
1072,171,1,3,3,0,0,Y,0
1073,171,2,3,6,0,0,Y,0
1074,171,3,3,7,0,0,Y,0
1075,171,1,4,3,0,0,Y,0
1076,171,2,4,6,0,0,Y,0
1077,171,3,4,8,0,0,Y,0
1078,172,1,3,4,0,0,Y,0
1079,172,2,3,6,0,0,Y,0
1080,172,3,3,10,0,0,Y,0
1081,172,1,4,6,0,0,Y,0
1082,172,2,4,9,0,0,Y,0
1083,172,3,4,10,0,0,Y,0
1084,173,1,3,3,0,0,Y,0
1085,173,2,3,6,0,0,Y,0
1086,173,3,3,9,0,0,Y,0
1087,173,1,4,3,0,0,Y,0
1088,173,2,4,7,0,0,Y,0
1089,173,3,4,10,0,0,Y,0
1090,174,1,3,3,0,0,Y,0
1091,174,2,3,6,0,0,Y,0
1092,174,3,3,7,0,0,Y,0
1093,174,1,4,3,0,0,Y,0
1094,174,2,4,6,0,0,Y,0
1095,174,3,4,7,0,0,Y,0
1096,175,1,3,2,0,0,Y,0
1097,175,2,3,6,0,0,Y,0
1098,175,3,3,7,0,0,Y,0
1099,175,1,4,2,0,0,Y,0
1100,175,2,4,6,0,0,Y,0
1101,175,3,4,9,0,0,Y,0
1102,176,1,3,3,0,0,Y,0
1103,176,2,3,4,0,0,Y,0
1104,176,3,3,6,0,0,Y,0
1105,176,1,4,3,0,0,Y,0
1106,176,2,4,5,0,0,Y,0
1107,176,3,4,7,0,0,Y,0
1108,177,1,3,4,0,0,Y,0
1109,177,2,3,7,0,0,Y,0
1110,177,3,3,8,0,0,Y,0
1111,177,1,4,4,0,0,Y,0
1112,177,2,4,7,0,0,Y,0
1113,177,3,4,9,0,0,Y,0
1114,178,1,3,3,0,0,Y,0
1115,178,2,3,6,0,0,Y,0
1116,178,3,3,8,0,0,Y,0
1117,178,1,4,3,0,0,Y,0
1118,178,2,4,6,0,0,Y,0
1119,178,3,4,9,0,0,Y,0
1120,179,1,3,4,0,0,Y,0
1121,179,2,3,6,0,0,Y,0
1122,179,3,3,9,0,0,Y,0
1123,179,1,4,4,0,0,Y,0
1124,179,2,4,6,0,0,Y,0
1125,179,3,4,10,0,0,Y,0
1126,5,1,5,3,1,200,Y,0
1127,5,2,5,5,1,350,Y,0
1128,5,3,5,8,1,500,Y,0
1129,26,1,5,4,1,200,Y,0
1130,26,2,5,7,1,350,Y,0
1131,26,3,5,9,1,500,Y,0
1132,36,1,5,1,1,200,Y,0
1133,36,2,5,3,1,350,Y,0
1134,36,3,5,5,1,500,Y,0
1135,71,1,5,2,1,200,Y,0
1136,71,2,5,3,1,350,Y,0
1137,71,3,5,6,1,500,Y,0
1138,72,1,5,5,1,200,Y,0
1139,72,2,5,9,1,350,Y,0
1140,72,3,5,10,1,500,Y,0
1141,73,1,5,5,1,200,Y,0
1142,73,2,5,8,1,350,Y,0
1143,73,3,5,10,1,500,Y,0
1144,112,1,5,4,1,200,N,0
1145,112,2,5,7,1,350,N,0
1146,112,3,5,6,1,500,N,0
1147,133,1,5,4,1,200,Y,0
1148,133,2,5,7,1,350,Y,0
1149,133,3,5,8,1,500,Y,0
1150,145,1,5,4,1,200,Y,0
1151,145,2,5,7,1,350,Y,0
1152,145,3,5,10,1,500,Y,0
1153,146,1,5,3,1,200,Y,0
1154,146,2,5,5,1,350,Y,0
1155,146,3,5,8,1,500,Y,0
1156,1,1,5,1,1,200,Y,0
1157,1,2,5,5,1,350,Y,0
1158,1,3,5,8,1,500,Y,0
1159,27,1,5,3,1,200,Y,0
1160,27,2,5,6,1,350,Y,0
1161,27,3,5,9,1,500,Y,0
1162,31,1,5,4,1,200,Y,0
1163,31,2,5,7,1,350,Y,0
1164,31,3,5,10,1,500,Y,0
1165,34,1,5,1,1,200,Y,0
1166,34,2,5,3,1,350,Y,0
1167,34,3,5,4,1,500,Y,0
1168,49,1,5,1,1,200,Y,0
1169,49,2,5,4,1,350,Y,0
1170,49,3,5,6,1,500,Y,0
1171,52,1,5,2,1,200,Y,0
1172,52,2,5,4,1,350,Y,0
1173,52,3,5,7,1,500,Y,0
1174,54,1,5,2,1,200,Y,0
1175,54,2,5,3,1,350,Y,0
1176,54,3,5,5,1,500,Y,0
1177,63,1,5,2,1,200,Y,0
1178,63,2,5,4,1,350,Y,0
1179,63,3,5,6,1,500,Y,0
1180,77,1,5,3,1,200,Y,0
1181,77,2,5,6,1,350,Y,0
1182,77,3,5,9,1,500,Y,0
1183,100,1,5,2,1,200,Y,0
1184,100,2,5,5,1,350,Y,0
1185,100,3,5,9,1,500,Y,0
1186,142,1,5,2,1,200,Y,0
1187,142,2,5,4,1,350,Y,0
1188,142,3,5,7,1,500,Y,0
1189,20,1,5,1,1,200,Y,0
1190,20,2,5,4,1,350,Y,0
1191,20,3,5,6,1,500,Y,0
1192,96,1,5,3,1,200,Y,0
1193,96,2,5,4,1,350,Y,0
1194,96,3,5,7,1,500,Y,0
1195,137,1,5,6,1,200,Y,0
1196,137,2,5,8,1,350,Y,0
1197,137,3,5,10,1,500,Y,0
1198,35,1,5,3,1,200,Y,0
1199,35,2,5,5,1,350,Y,0
1200,35,3,5,7,1,500,Y,0
1201,78,1,5,4,1,200,Y,0
1202,78,2,5,5,1,350,Y,0
1203,78,3,5,8,1,500,Y,0
1204,180,1,3,2,0,0,Y,0
1205,180,2,3,3,0,0,Y,0
1206,180,3,3,5,0,0,Y,0
1207,180,1,4,2,0,0,Y,0
1208,180,2,4,5,0,0,Y,0
1209,180,3,4,6,0,0,Y,0
1210,180,1,5,3,1,200,Y,0
1211,180,2,5,5,1,350,Y,0
1212,180,3,5,6,1,500,Y,0
1213,181,1,3,3,0,0,Y,0
1214,181,2,3,5,0,0,Y,0
1215,181,3,3,8,0,0,Y,0
1216,181,1,4,3,0,0,Y,0
1217,181,2,4,6,0,0,Y,0
1218,181,3,4,9,0,0,Y,0
1219,181,1,5,5,1,200,Y,0
1220,181,2,5,6,1,350,Y,0
1221,181,3,5,8,1,500,Y,0
1222,182,1,3,4,0,0,Y,0
1223,182,2,3,5,0,0,Y,0
1224,182,3,3,9,0,0,Y,0
1225,182,1,4,5,0,0,Y,0
1226,182,2,4,8,0,0,Y,0
1227,182,3,4,10,0,0,Y,0
1228,182,1,5,8,1,200,Y,0
1229,182,2,5,10,1,350,Y,0
1230,182,3,5,10,1,500,Y,0
1231,183,1,3,3,0,0,Y,0
1232,183,2,3,5,0,0,Y,0
1233,183,3,3,7,0,0,Y,0
1234,183,1,4,3,0,0,Y,0
1235,183,2,4,5,0,0,Y,0
1236,183,3,4,8,0,0,Y,0
1237,183,1,5,6,1,200,Y,0
1238,183,2,5,7,1,350,Y,0
1239,183,3,5,8,1,500,Y,0
1240,184,1,3,3,0,0,Y,0
1241,184,2,3,4,0,0,Y,0
1242,184,3,3,8,0,0,Y,0
1243,184,1,4,3,0,0,Y,0
1244,184,2,4,6,0,0,Y,0
1245,184,3,4,7,0,0,Y,0
1246,184,1,5,3,1,200,Y,0
1247,184,2,5,6,1,350,Y,0
1248,184,3,5,7,1,500,Y,0
1249,185,1,3,2,0,0,Y,0
1250,185,2,3,3,0,0,Y,0
1251,185,3,3,4,0,0,Y,0
1252,185,1,4,2,0,0,Y,0
1253,185,2,4,4,0,0,Y,0
1254,185,3,4,5,0,0,Y,0
1255,185,1,5,3,1,200,Y,0
1256,185,2,5,4,1,350,Y,0
1257,185,3,5,5,1,500,Y,0
1258,186,1,3,2,0,0,Y,0
1259,186,2,3,5,0,0,Y,0
1260,186,3,3,7,0,0,Y,0
1261,186,1,4,5,0,0,Y,0
1262,186,2,4,7,0,0,Y,0
1263,186,3,4,9,0,0,Y,0
1264,186,1,5,5,1,200,Y,0
1265,186,2,5,7,1,350,Y,0
1266,186,3,5,9,1,500,Y,0
1267,187,1,3,3,0,0,Y,0
1268,187,2,3,4,0,0,Y,0
1269,187,3,3,6,0,0,Y,0
1270,187,1,4,3,0,0,Y,0
1271,187,2,4,4,0,0,Y,0
1272,187,3,4,6,0,0,Y,0
1273,187,1,5,3,1,200,Y,0
1274,187,2,5,4,1,350,Y,0
1275,187,3,5,6,1,500,Y,0
1276,12,1,5,4,1,200,Y,0
1277,12,2,5,6,1,350,Y,0
1278,12,3,5,8,1,500,Y,0
1279,44,1,5,1,1,200,Y,0
1280,44,2,5,4,1,350,Y,0
1281,44,3,5,5,1,500,Y,0
1282,46,1,5,2,1,200,Y,0
1283,46,2,5,5,1,350,Y,0
1284,46,3,5,7,1,500,Y,0
1285,188,1,3,3,0,0,Y,1
1286,188,2,3,6,0,0,Y,1
1287,188,3,3,8,0,0,Y,1
1288,188,1,4,3,0,0,Y,1
1289,188,2,4,7,0,0,Y,1
1290,188,3,4,9,0,0,Y,1
1291,188,1,5,3,1,200,Y,1
1292,188,2,5,6,1,350,Y,1
1293,188,3,5,8,1,500,Y,1
1294,189,1,3,3,0,0,Y,1
1295,189,2,3,5,0,0,Y,1
1296,189,3,3,7,0,0,Y,1
1297,189,1,4,4,0,0,Y,1
1298,189,2,4,5,0,0,Y,1
1299,189,3,4,7,0,0,Y,1
1300,189,1,5,4,1,200,Y,1
1301,189,2,5,7,1,350,Y,1
1302,189,3,5,8,1,500,Y,1
1303,190,1,3,2,0,0,Y,1
1304,190,2,3,5,0,0,Y,1
1305,190,3,3,6,0,0,Y,1
1306,190,1,4,2,0,0,Y,1
1307,190,2,4,5,0,0,Y,1
1308,190,3,4,6,0,0,Y,1
1309,190,1,5,2,1,200,Y,1
1310,190,2,5,5,1,350,Y,1
1311,190,3,5,6,1,500,Y,1
1312,191,1,3,3,0,0,Y,1
1313,191,2,3,7,0,0,Y,1
1314,191,3,3,9,0,0,Y,1
1315,191,1,4,4,0,0,Y,1
1316,191,2,4,8,0,0,Y,1
1317,191,3,4,9,0,0,Y,1
1318,191,1,5,4,1,200,Y,1
1319,191,2,5,8,1,350,Y,1
1320,191,3,5,9,1,500,Y,1