file_name,file_size,checksum,compressed_file_size,compressed_checksum,acquire_on_demand,compressed,platform,tag,
dlc/d3_a0.unity3d,398592,3f5151a13b2a4ee7a5b54911d4a70683,398596,7dbda7f20f016b5688efa928090333cf,0,1,,,
dlc/d3_e0.unity3d,101156,e0fd926a8da92d90b2cce97f3ca6a5ce,101160,d33351f867efdb2be0c28c261ef96f73,0,1,,,
dlc/d3_e1.unity3d,100296,dfd014eb4287a2e87710484d83cec767,100300,5d3864ad56c604dffff12cd5c231636d,0,1,,,
dlc/d3_e10.unity3d,72987,4fd140b866b00008cf8e602f70e5e604,72991,93044882b9869c4e7315f6996733bc42,0,1,,,
dlc/d3_e11.unity3d,100580,952f4ac7235d79642b328b0d31f0fc7b,100584,760aa37fe3e2dc8e9172d496be368a0b,0,1,,,
dlc/d3_e12.unity3d,100625,569acc570c08572a5ef1eb4167f3dd75,100629,bf21a891fd02db4051d4ad3f12c24873,0,1,,,
dlc/d3_e13.unity3d,99982,35897e901f1bd24e92feef2ccb27be4e,99986,61d87e01ce22f2dbcb0657b456eb4be7,0,1,,,
dlc/d3_e14.unity3d,92150,09ef3133d0ce5df24c95d85f9a517c8c,92154,f03546e330ef034c38e956fcb5361470,0,1,,,
dlc/d3_e15.unity3d,83383,f66ebd91cc1fb914b81cc3e2f8215249,83387,680c4c002e76e8c89237ea74e9b889d7,0,1,,,
dlc/d3_e16.unity3d,81616,df1b6e25180a187fa52f1d6edde5ffcd,81620,843919fe6ecff4972d1760d2a0f25bdd,0,1,,,
dlc/d3_e17.unity3d,100203,c2d09b0c7d9b6ad297304ac407f0031c,100207,dad7e67f2f20ebb3666258cd8e43d573,0,1,,,
dlc/d3_e18.unity3d,77617,9c6bbb2e8b5f9ac5cecc7a24b0510114,77621,6f15aa7d223ce1f20b77b967ecf055ba,0,1,,,
dlc/d3_e19.unity3d,68615,d415fa41a24417ca4ffe408fd2f577b1,68619,88d5a0da3f5b4248ee5fd0b8b833703c,0,1,,,
dlc/d3_e2.unity3d,87415,eea3a2c3e22bb9e94552678fc5327269,87419,d123424b3b72ffd4a03d313325f5613f,0,1,,,
dlc/d3_e20.unity3d,72728,753b036341cda9d6b7b4fc2837a465b3,72732,19aee9fbcd4b4c15100cf2049d0e43b9,0,1,,,
dlc/d3_e21.unity3d,121344,8beb96acb5c042495bc8e868b01547f9,121348,ecf416da877569b7f6bbeda04945ac4c,0,1,,,
dlc/d3_e22.unity3d,97852,b8b14c10b6723c218a713e2f6cafb25d,97856,4681db529e7b3fe3c5b1e3caa2da48c5,0,1,,,
dlc/d3_e23.unity3d,130939,6135441786b81abc2478ebeb7474c1bc,130943,ac81fbcc32f33ae2e0cb736755eb8558,0,1,,,
dlc/d3_e24.unity3d,95720,2625770a54a5eafd17fafbb69e47a99f,95724,50e8da57378db8f9c48748cd36ee6a86,0,1,,,
dlc/d3_e25.unity3d,119945,d420608997fb201981af64b12b134c7e,119949,fb80b3f3707b12ae20adf637aa1448c0,0,1,,,
dlc/d3_e26.unity3d,95411,f346c464addc59d889eb4308212cabe6,95415,42a4d0dc99ca475f329e257241a34eff,0,1,,,
dlc/d3_e27.unity3d,92549,e2888750410fe9a5ffa4eee690a3cf22,92553,2efb62a0dedec7eb55dd4fd1736b5a72,0,1,,,
dlc/d3_e28.unity3d,85093,f1c2b8839d360be73df2be668238c9e6,85097,0f8739fb44940dd4432d61edb052b51b,0,1,,,
dlc/d3_e29.unity3d,93537,77bda09e910ce4013f7d86e05a9e3395,93541,33c877742c792c7560ca753b74db2438,0,1,,,
dlc/d3_e3.unity3d,95433,a4323a1b7a4423ec0d3d0f4d7fb50816,95437,638b561428344985cddeccba15102bfc,0,1,,,
dlc/d3_e30.unity3d,76629,a8dd074e9c29fa4745e32444d82f8aeb,76633,83a2b10852a17fdefdb492bd357a43db,0,1,,,
dlc/d3_e31.unity3d,92523,065a8f53ad7c6a3747fca8aec38397b6,92527,a095654b3722182b23fe978858232491,0,1,,,
dlc/d3_e32.unity3d,98404,e5e266341c14d23ccecd7622173f33e9,98408,cf87ae57382f09584acf22991fca86cc,0,1,,,
dlc/d3_e33.unity3d,45292,088191deb79bc1144b3e392b726fff85,45296,2be26308abdb5cd26bc2c730acc033a1,0,1,,,
dlc/d3_e4.unity3d,96575,24edc0ce0e34cd319665971a765fc86b,96579,02eae31d55131281578443a35f4fa614,0,1,,,
dlc/d3_e5.unity3d,96508,eb5717518bc17bffed11be72ef5f6067,96512,26c7cf94022abbe16c361c8c09dc16b5,0,1,,,
dlc/d3_e6.unity3d,100909,4c9f48cc32601faefec4f1b4dafd1deb,100913,deb165eff42522f8e9b805e0802e6491,0,1,,,
dlc/d3_e7.unity3d,97603,09c20f1e37aaba19e884005bb2e5260f,97607,d7e92436f626a0d3f61058d3570478ef,0,1,,,
dlc/d3_e8.unity3d,99107,3c4777cd6e846636b77ff6d1065d0189,99111,3c3d78603bcf7924158ca5c6676843da,0,1,,,
dlc/d3_e9.unity3d,100637,2ddacd0bee1e1497ee372ce7fe09dadf,100641,2af57957cd489403b8184772e324013d,0,1,,,
dlc/d3_i0.unity3d,855008,b04cf6eba388ce1850409240b1dc013f,855012,548c5eecb1f169f16ccf828ffc045689,0,1,,,
dlc/d3_m0.unity3d,952509,cd61f5ba7d4b16ad301d3a9877fab22b,952513,7efa5a05326e083319a245f3afbc40a5,0,1,,,
dlc/d3_q0.unity3d,80612,7e12bfe182469b7d642cb501d04b6428,80616,375b0ae2890b399405a8554f9514a4bf,0,1,,,
dlc/d3_sk01.unity3d,181861,9616ac62f2fd3ce0b2c45fa4b86647b2,181865,7eb8f173194e2a5d05743730b5f9a818,0,1,,,
dlc/d3_sk02.unity3d,167328,3f7a5ce5d33cea77d34588574c35294b,167332,1f581b00d6a95cd00ff49960399c72a8,0,1,,,
dlc/d3_sk03.unity3d,166122,068e10f0011f8246627ff79d9caa698a,166126,fc52e099b9ba26a70e99f207cd7625e3,0,1,,,
dlc/d3_sk04.unity3d,310483,a0da66efe29f20b32343a3b9354a5aca,310487,7620434bc8f5c7d12173f984a7a17b97,0,1,,,
dlc/d3_sk05.unity3d,153499,62d742ed65962fbcd653ba4ba957082f,153503,f7da1456cd94384648ae7281b6b0d762,0,1,,,
dlc/d3_sk06.unity3d,304311,f1c02bc0c739ea7c7d864dec3e90dd36,304315,192d3c1010ed438399a92dad291af02e,0,1,,,
dlc/d3_sk07.unity3d,245025,0ddb5a33c1320def7abe4c12b4c24b07,245029,ae518bcc85192a1550ff596c5c6ddfa4,0,1,,,
dlc/d3_sk08.unity3d,269886,9954c4f8e151508058f85ca1c40fdb88,269890,2bfa373ddaab2b2afc72d4a90018a450,0,1,,,
dlc/d3_sk09.unity3d,267412,ade2ec6b77315f6e2567f09947281799,267416,7382fa7ef2be1406e8bc8497f768e414,0,1,,,
dlc/d3_sk10.unity3d,293701,f3327fbe1a8374921ab4c5e2481ea8cd,293705,b66415409603e382e2c1535773925fdd,0,1,,,
dlc/d3_sk11.unity3d,301600,b7c7609f15bd29da92cb08507ef3edf0,301604,58259f6456589d85f778e0f0a099af23,0,1,,,
dlc/d3_sk12.unity3d,106639,634f039b241c19f81b38c9c62612e327,106643,99a00eee766f5a6f12afec3af5012f0c,0,1,,,
dlc/d3_sk13.unity3d,212352,42c736a3e04304a22cee25c5a9d324cb,212356,34e746dbb40809d4ec0ba053be1cc887,0,1,,,
dlc/d3_sk14.unity3d,245384,64a216adbd520d3aaa7f6c5c78baaf6a,245388,0a0b929f93cb275902c9d0fcca1fb9fc,0,1,,,
dlc/d3_sk15.unity3d,129760,7834c2a745443faee0af8734dae01929,129764,1295df18a955ff72be529a080c437206,0,1,,,
dlc/d3_sk16.unity3d,164944,5e2bdebc39762f4c98d0e0b0849476d4,164948,eb58bda804058f5da12fc4e8719b2bc8,0,1,,,
dlc/d3_sk17.unity3d,171826,4b0b2de4b49b88d9a1a671cf3f15a120,171830,894fc95b8ccecad89008dadfd967512c,0,1,,,
dlc/d3_sk18.unity3d,100477,75daf7df6c4c2bd300829d47b4e7f220,100481,22d60fb2b6a5b823e7728433e09307e9,0,1,,,
dlc/d_a0.unity3d,6808,742defbbf36b8f85dc68cc9435314ac3,6811,5676e61792a2fbefaa6b9b2d77bdd347,0,1,,,
dlc/d_b0.unity3d,6241,c3f91ae3766734db2e8a5b2f2f192cba,6244,66314672be731f6dfc0951d8524bbee8,0,1,,,
dlc/d_e0.unity3d,101148,8ec55d6a45bf0e5c67d895201fbc1f91,101152,73154ff9074f755e0a7c51396e183db6,0,1,,,
dlc/d_e1.unity3d,100429,62589b2c8561c9660246dbcaab57d1c6,100433,9a31ab533bbab6fed5663f58e0eabd9e,0,1,,,
dlc/d_e10.unity3d,73571,4f5114964a381fbbd122a8906a42e04e,73575,383ae2663327ab6d4de9a10f0aacdcdb,0,1,,,
dlc/d_e11.unity3d,100655,57cc6c534c530eb7f711370c566b56cc,100659,df622668a70fe30c61ff5b37d7de74e3,0,1,,,
dlc/d_e12.unity3d,100362,cb418c0dbe984939eda15a04f32eabbc,100366,db8fd47af7f251fbe4db36ec504addd8,0,1,,,
dlc/d_e13.unity3d,99689,1c2856f170801e532227fd9135e851f5,99693,040ca660b34247dc197e15fbb30add0b,0,1,,,
dlc/d_e14.unity3d,91745,1aad3a03bd113cd24699aba6b4c65400,91749,bc01476d89698df42d76000d27a2a79e,0,1,,,
dlc/d_e15.unity3d,83066,2e271c1ebc1a7c85d11ad98a66ac598a,83070,12bb07b709dacad37e8f562dcced93de,0,1,,,
dlc/d_e16.unity3d,81414,cac82d8cac386096ee7b25fd1ef6a2ec,81418,7b75dad4a2ed71bb90db21384b54e95b,0,1,,,
dlc/d_e17.unity3d,100454,1f9458d129bd9d6af5d343e261cb2360,100458,15ec31a4c1756e3f60ea5b726b033830,0,1,,,
dlc/d_e18.unity3d,78069,aa3183bbaac8928525dda05d01a772f4,78073,df54d07d4c53b47aaa463923d88d2928,0,1,,,
dlc/d_e19.unity3d,66308,adb7daf5e330f483f754304e08d307d4,66312,05b10edc5244e22a8d5bb707fdc4d5a0,0,1,,,
dlc/d_e2.unity3d,87409,63fc7fa6b75680a5e43623580e33ef65,87413,7f6832c909d0c026b4c849128ab3775e,0,1,,,
dlc/d_e20.unity3d,70365,6de6739f47fafa9888893ab44e58b23e,70369,9a387ba28dfb1c1e51832a4a1bb37ed1,0,1,,,
dlc/d_e21.unity3d,121995,285c8dd600615f62858cbfae119a6da5,121999,f68be615faf4fdc229953d132dddc59d,0,1,,,
dlc/d_e22.unity3d,97531,3cb691232be65f0d61d7d0729f8baa4b,97535,4358405570ae80fb4d3c0c72dbf09f7f,0,1,,,
dlc/d_e23.unity3d,132582,953f2b28a8502b2c990d9d153ae6d635,132586,fd3ef56428053ea288f3f21ff33cd12f,0,1,,,
dlc/d_e24.unity3d,94138,47e880510456036e764673a5418008bd,94142,927446aa2403a701c2334d66c2c2c41d,0,1,,,
dlc/d_e25.unity3d,120426,92806be93c3d5d43b8d313826b4a2d6e,120430,c12a25e906c450d7b30929ce1546001d,0,1,,,
dlc/d_e26.unity3d,95117,f323b962cb8cf5b8cf1fc816b8778fad,95121,46cfc817bbab10f2b7c0b65e3467de1c,0,1,,,
dlc/d_e27.unity3d,91398,61a9d4ee8b91e027b8c2dcd8ba8bfc43,91402,48f84248cef9591bac1dd33bf3b6ab95,0,1,,,
dlc/d_e28.unity3d,86467,1bd7db2a4f6224d80a9330958b1dae0a,86471,6dc221204af80de272cfa40b85e686f4,0,1,,,
dlc/d_e29.unity3d,93336,b825e861eab09738b94f54e7503954f5,93340,54c189e91b1bd385dbfaf5aaf40b4921,0,1,,,
dlc/d_e3.unity3d,95612,5ed8e6333f28f5fabe192b8d7ef79dd1,95616,5114d29e69bb2c4157b4a6d0f41b9905,0,1,,,
dlc/d_e30.unity3d,75697,7c6d0568e166213aaa9133261989afe6,75701,1bf6aa4adbccb986a3b0eaa8100e7285,0,1,,,
dlc/d_e31.unity3d,93228,c53495b7d5af0e7e997605ad03c11b67,93232,2bd2a5dcc32fe573cccaddbdb75e53bc,0,1,,,
dlc/d_e32.unity3d,98153,d153e12d942b9e069e50c91191805748,98157,2e9ad289898398eae1158e08b52ac946,0,1,,,
dlc/d_e33.unity3d,44444,f0bbc26f5c4d273a96b1c2630500f7d3,44448,e6084ff4bb3e18c720fe641be85d123d,0,1,,,
dlc/d_e4.unity3d,96498,cddf97bd58905a3828951584b0b3f45b,96502,3aa2cb4ada7b3cf461fb7524cc826040,0,1,,,
dlc/d_e5.unity3d,96358,2f581e5ba6a970f474bb187341feb6a6,96362,da1dce3063cfa67ef0a8d0289a4c05d5,0,1,,,
dlc/d_e6.unity3d,101238,6f1371cb469ddb9d501108f8e76349e9,101242,4e8dc30f05548ea299c919ed028d3087,0,1,,,
dlc/d_e7.unity3d,97656,93143e6bccc1a288bf53245639c642d0,97660,001eed53916d487a3ba5640500978ae5,0,1,,,
dlc/d_e8.unity3d,99230,6d279aa066d4519cb23fde466d60bc89,99234,b03eb91fd5d17a4442d87127a4b691b7,0,1,,,
dlc/d_e9.unity3d,100105,8daa57af61b87d2ae4e80e7e2eed892c,100109,3d402d5f8d6763002cb6f309f8f1db21,0,1,,,
dlc/d_i0.unity3d,13612,6ff506364b59e1e3571fd67962841662,13615,2c885cc196beaf80c3d949498823ce1d,0,1,,,
dlc/d_m0.unity3d,6715,c7365704783cd8356affd1e7930ea8c4,6718,38c293722625df64f975dfc9fbf1528c,0,1,,,
dlc/d_nk00.unity3d,670846,0b43c3ef26a6886f9d057f77d3087375,670850,a29b7c9b14207bffe59a1468d9d6f60c,0,1,,,
dlc/d_nk01.unity3d,668047,357d12dd2efd489a6131f1b90f09f8bf,668051,d7c04fbb7bc64f8d968cc8e0a43747ba,0,1,,,
dlc/d_nk02.unity3d,682941,826cec215b34cbac0863336a2ec07efc,682945,e1bbef3ccf1609731495b892644081ef,0,1,,,
dlc/d_nk03.unity3d,690367,9c34991f59de6b771721e5a5f1392baa,690371,9bd61efc9027797e8e414f0c2a922610,0,1,,,
dlc/d_nk04.unity3d,690019,341fba1ff1f33dfd4ecf53ca1c80fb91,690023,8f0908fc12fd0566bee937291f06abeb,0,1,,,
dlc/d_nk05.unity3d,667535,faf913e01449666b9f35ee8048d6e55c,667539,9f979faeb0bc91c55e4fb7cc96422a71,0,1,,,
dlc/d_nk06.unity3d,736510,d604e4c1c68c217c226e49c8e4f34563,736514,6d637923fc999bc4e377dba4e1bddf6b,0,1,,,
dlc/d_nk07.unity3d,662976,dfb410c42aebb7a0b3690850d549f238,662980,39f80bd6e93ec434ccffccb1cbb5fd33,0,1,,,
dlc/d_nk08.unity3d,670784,45b93c2463e6cb79c3b97177b5b820df,670788,151319bbaf92689a4f6d70701eae8b50,0,1,,,
dlc/d_nk09.unity3d,668451,e4d4c3bd2142e9abb8c3ef84cd84d37f,668455,0ba30ff43c86c3fc0789c7be65da8e41,0,1,,,
dlc/d_nk10.unity3d,639806,8166bd8e912a39d77b8fa44f2346c27b,639810,9aec38646b05adc304c094077e9eea1c,0,1,,,
dlc/d_nk11.unity3d,470844,85d4b255aed147cc4650a999ea3df50f,470848,4dfce27415c715ab8294661272922117,0,1,,,
dlc/d_q0.unity3d,6367,1f14608725900646fc7bfa887ca32d7b,6370,bada0cfcb74048a3d60d3340dafd3bbb,0,1,,,
dlc/d_sk01.unity3d,19595,04423afe9536718e2bdbbbdf3a65fdb2,19599,b25f0c236312a94bdd4c9ab806cc9779,0,1,,,
dlc/d_sk02.unity3d,18983,60f9d1c9446ab673b06adfff21f6bba1,18987,97c3cc7975961844c64faf9988ec1385,0,1,,,
dlc/d_sk03.unity3d,19170,08c55cd5ea4cee332719d1a5839c1e0e,19174,30a0ecb0b33b8f36087d3f89782398a3,0,1,,,
dlc/d_sk04.unity3d,23792,eab6010eceb040942061892ae81a2917,23796,5d56e0f565c1fef782b279470a1616c0,0,1,,,
dlc/d_sk05.unity3d,18674,8935a91ef01276b2b7f8ee8c6eaf86bc,18678,e970d4a25d58449f845083df79fb4861,0,1,,,
dlc/d_sk06.unity3d,25108,22b050609fd406ea0b63f03624a62941,25112,1609dfdba8b887cd4a8abeed7d3237d9,0,1,,,
dlc/d_sk07.unity3d,22138,269cc8e130308c0761a2ff3637126658,22142,3d4f648d4ca25207087c076895b88678,0,1,,,
dlc/d_sk08.unity3d,24274,7acf9c9eb5c835aea865bf01b71f686f,24278,44acb7af31ca90cc5352bd4c9ffd6e1e,0,1,,,
dlc/d_sk09.unity3d,24006,1c8656c2064835308cad3404548607ac,24010,cdb45124da8d2cd0b1c5d8b1db7dc3ce,0,1,,,
dlc/d_sk10.unity3d,21694,fa94bdb156152c9da75eee793c25d7b4,21698,885adb95b42c37d89078bdbaf976f1e9,0,1,,,
dlc/d_sk11.unity3d,24840,62ca70680fcf805e13399b79af2db740,24844,1c787493e430eaad13fb6357ea7d785b,0,1,,,
dlc/d_sk12.unity3d,17871,77937f32d8728eacca9a121443d3c684,17875,048c28d0f1006abcbbb06e7308578f0e,0,1,,,
dlc/d_sk13.unity3d,28213,6c5ea9bb6b06819e4fb97bff907d22bb,28217,6e44b5670acdd602f4009d1c2b6023ef,0,1,,,
dlc/d_sk14.unity3d,28492,93b98b747b799aa17651d5bbbd9e9453,28496,f6ebb0e8ff7db4624bb33c9c5a75ab0f,0,1,,,
dlc/d_sk15.unity3d,16594,83cc9913d156c3d6ecf80685f41ed7ad,16598,1ee789456d3dda50b1128b4d225496d4,0,1,,,
dlc/d_sk16.unity3d,19441,18144a8a554af356c8108f83308ddf88,19445,2ae5a4e23c0855858e44e0b4ece24aa5,0,1,,,
Fonts/SimplifiedChinese/SourceHanSansCN-Medium.unity3d,6487515,05199b18e623c4e2a9dd4c81cb4ec036,6487543,248918323c15a90b805d2e38f782748c,0,1,,,
Fonts/TraditionalChinese/SourceHanSansTW-Medium.unity3d,4364119,d5c7afdcac1d1e1941f13feed5354e8e,4364139,6172104d08492273a367b7d21a074ece,0,1,,,
preview/access.p.opus,81160,61ca31d09e3c2dcf88276d796aa956a0,80685,89b90328fb672464d066e52d9ffe8c23,0,1,,,
preview/ad2222.p.opus,76286,75fa878458ea41f839d4acefc9b9bd5d,75780,2be063facdbb15fd6acaf40763b09e97,0,1,,,
preview/ai.p.opus,87457,1fdbadd684f03d90344ca31d8c1bceaf,87004,9a9ee199b2706ec24d1886a2cc3af91a,0,1,,,
preview/airwave.p.opus,79449,4b4fa466f03dbb29f653677d2ac4812d,78964,02f37089567c6d0d8f279fc587401e25,0,1,,,
preview/alone.p.opus,84094,11282575e84b6c0ff08eb307a4d2ffed,83625,3abbff85ac13431fad0bcc0722130777,0,1,,,
preview/angel.p.opus,79712,82e0c9ce6422515ab27280981f2435b8,79217,3b0c3c761e875191e16f0845791da95f,0,1,,,
preview/area7.p.opus,81485,3ee958a7447a20795d555be9c07073a7,80991,6045c5e13a9f8df5f3f5979145ef14e2,0,1,,,
preview/bamboo.p.opus,78137,0fb1b4f598b5742d0858ae17b5a90ee9,77521,a256e97534877e48b23906f4349274bd,0,1,,,
preview/baramege.p.opus,85084,1fac1992de3be5feb528a97713817ec7,84609,a290c69cc7e1ba74ab561c82ee07dad9,0,1,,,
preview/baramegelive.p.opus,84360,9a9adb658a7de39e067e66f7f4b39753,83885,d1158d8dafbe0f9e53ab3c11b3015bb9,0,1,,,
preview/beatudown.p.opus,79027,1148e50c9e43165b7b44c6872d1a139d,78535,754b0b3cc6e7cf20b45e23f53242c3ef,0,1,,,
preview/becomemy.p.opus,81923,e133c0da00367ef0992101ff8db1364d,81436,4a3ec789a1674b90d42b623eae098a18,0,1,,,
preview/beeutiful.p.opus,86321,8f12a45c1beacc00bb30368ec5fc65ed,85868,8942bcc3bd46c2efb4ff35e565dfb758,0,1,,,
preview/beyondthe.p.opus,77650,a85f6595d90f0f4389d59c08767a4490,77153,0d5a15007268f210dfbb0772c63db4e3,0,1,,,
preview/binaryworld.p.opus,80964,c5a27b85f241226508f7c9e30361b3dc,80463,df8846adf738bb925036e0c6b8b6bbae,0,1,,,
preview/blackswan.p.opus,80849,e8aadf7ff8a4d1575a4d001b24a21ce4,80366,5d67e82254c65f6d3916185b02ad4248,0,1,,,
preview/blythe.p.opus,80374,8fcf614e1ea7fa8aaaf99d726ed718a3,79890,ecf76f5afb08129bf41d04bbad607ba9,0,1,,,
preview/brandnewdays.p.opus,78093,afcb0bfae2e9b2d48d3b230cfdc88422,77571,35cc5520beff75dfc717aea254f2d464,0,1,,,
preview/break.p.opus,80152,131ac1cd24b51e4ea45af7f8f887aa72,79674,fb3354c0cf40e281a8833860e7ea2b7d,0,1,,,
preview/burnitdown.p.opus,74150,633d568b50b9a37e2b2a4f794eae5871,73631,05afa6ef06d67e5325809b6cae94f140,0,1,,,
preview/canwetalk.p.opus,93200,dc0bb371582d0bf09984b1820391dfb4,92751,7adfc65198364173b2a5c6542397ff1a,0,1,,,
preview/chemical.p.opus,78173,f7d52a5f5a520be704fee768e830d2c6,77683,5bf24105a0929e7faab2703b8e932d5d,0,1,,,
preview/cherokee.p.opus,82662,17514cbaa60c3ac89f8d490048994bd7,82186,01852bb51b7624d90267fde997cf0028,0,1,,,
preview/childof.p.opus,84516,b45056eb3d81c1b701e7d9124e1a69b1,84049,9cc27fb2099d4618bab0b42dcdfc5cdb,0,1,,,
preview/closer.p.opus,78066,868812b940893c3bb1cab2c5ad851f48,77565,20b96869b8c981f71f896e6fd707646a,0,1,,,
preview/coastaltempo.p.opus,78151,b22dbd7d5cfe7d5eef27f6a4523bd47f,77652,51cf5fcbc0680e528640dea353f1fabb,0,1,,,
preview/coloursof.p.opus,84993,60763b7a39e7c3f7f3f9787997bdd749,84526,015a9c314a2f711c94eb670a26fd6c06,0,1,,,
preview/cosmicfantastic.p.opus,82849,d7b86c61f4c9346d91bdce65df13d0e1,82376,2b4e25a583496b009e7c8cadd613ee64,0,1,,,
preview/cozyquilt.p.opus,83329,fc5c85c25cd49ffeec32204444ce4b88,82854,5c045897cc10c4a7a80987f9b95ab5be,0,1,,,
preview/cypher.p.opus,75564,7cd46b604ffa5081ba7422f3c8f456a9,75026,9d6d2e687f665d95f1ac79194b4a3bbb,0,1,,,
preview/d2.p.opus,79757,9282a65f0b9cae8aa9914098ba788054,79264,6f0279c9142569e77db33e8c7da62ce7,0,1,,,
preview/darkprism.p.opus,80690,1687b66916da233ba8d6d18644957bd6,80206,a1b3188368518a543fd0510a0dfebd9b,0,1,,,
preview/dearmylady.p.opus,80877,3e677bf690d89fda19d9d01c252c27b2,80401,827f4f05cbac7b4e77c671937fb26004,0,1,,,
preview/deborah.p.opus,86399,bd7dd9df10e1650d562a5aa11db68ad5,85917,6189ff7c98fdaa735d9d9c9194be99d9,0,1,,,
preview/desperado.p.opus,75777,8a0e3d68a69d45109908d14895157060,75282,8a8c0b21613c95995dabcdff17e63ae8,0,1,,,
preview/divineservice.p.opus,95121,4225e32df0113f96027b29f619f86eee,94678,9f194195b34e7912ddf577f38535896d,0,1,,,
preview/dontdie.p.opus,80111,4540064ccc8f9c5f08ce48b503351556,79619,c310a3bbe53fb277a2fef1e161493ba5,0,1,,,
preview/dreamagain.p.opus,85216,11c85df734ba49b6b8931b126ef09f12,84744,a0b51a7917a0c2597a9a25b133a62a4a,0,1,,,
preview/dreamofwinds.p.opus,78932,6c8c958293a9f4c28e53487f81abb494,78445,049ca188efac76bef4df762a9d1a4d40,0,1,,,
preview/dualstrikers.p.opus,81554,238e26571d6dba5b815176d3b96c2108,81079,9906e89fc4c16e8b5b9e0d19e3c84b85,0,1,,,
preview/egg.p.opus,88033,9855ea2be8bf7a4ae9793b2f7a203c14,87571,b0a154f5a60428400bc3463576686e1e,0,1,,,
preview/emblem.p.opus,93402,b08514d5881fa1e56aa6f9438542c7b7,92971,059a5181ff39334cc28ce57a7e16f1bb,0,1,,,
preview/endofthemoon.p.opus,84984,332796872875dee6a363450e57528558,84519,47257ed2a1dea926e40868ec149a4b77,0,1,,,
preview/enemyrmx1.p.opus,82756,d5bd6143bd755ab6e1e2731179d4d48d,82287,a08e9c749641640fb75d95dcadae12cc,0,1,,,
preview/enemystorm.p.opus,76359,b4234855e41b88316bf5dd1df41fe2b1,75859,00d51586d59886a7df0a01055f6b0e88,0,1,,,
preview/etnalftsyvox.p.opus,80325,e328fcd9b9d64a7d41a5c2e335aa6c5f,79840,cc591deaf74e55fddece2a03a8b44d30,0,1,,,
preview/everything.p.opus,85596,37f9dc069972bc18ef6a0970c19b95bf,85129,7c7f6f5cf26bb0572547509370810a0e,0,1,,,
preview/fallen.p.opus,81796,27732cbb1ec8730f21e3ec4d62becc38,81274,4091e5505db024c203526a3e4a4ca837,0,1,,,
preview/falling.p.opus,80480,803f4c4fda5eb10da0222b8647cf9b1d,79997,4efe32a69ca17b87ade920c19bd63bb3,0,1,,,
preview/fate.p.opus,83430,e08fccb89c637a6ec11293afccc739a0,82963,3747f93cb14ef520424aa0c31938ef0d,0,1,,,
preview/feelmabeat.p.opus,74824,7fa6ce806af9f13a669f1a8f9fb833df,74310,5b3398b076bd488a35b25ae65cff08e0,0,1,,,
preview/fermion.p.opus,87860,252e3c946512eda4f41e64492125413d,87407,1f88f4430a262747f3eca11fb518c1b1,0,1,,,
preview/festanova.p.opus,90060,1ef03a7e205e6589c356a4f256c1ce2e,89596,70a8a72c45598ab24e7faa857b081e75,0,1,,,
preview/firstkiss.p.opus,84692,d593c68e5d305e6c60e70adc48b5e0aa,84228,2502a45dd5cd548e911e959f5fa104df,0,1,,,
preview/flyaway.p.opus,85580,f31892f392282d2fb5fdb00483a4f8ec,85115,b41e2550fce93100c42ab0e789928456,0,1,,,
preview/forever.p.opus,82416,432571a956b4f0cb4d304d1636bf4f4a,81940,afa72e19ccf28864a8f10ebf066951ea,0,1,,,
preview/fury.p.opus,78147,afdd09c493c5c20807451d378253a77f,77652,0c7a352cfe1db300d0ae78d7da4d034c,0,1,,,
preview/getontop.p.opus,79366,d7afefef74d5449c23b847a3ca723bdf,78880,9b9c6ebe5919cba23a2871364963c4b5,0,1,,,
preview/getout.p.opus,89476,7a80681c7a8e98b739dc6bb2f3130d67,89037,114b4c0e968e4c63e529d15c95d31884,0,1,,,
preview/ghost.p.opus,82299,7e7e95531fb9d0b051cc944542106b33,81818,dfaab628d0ad963e7d5a96288f9dff77,0,1,,,
preview/giveme5.p.opus,83845,28a7fde94807577c690d65006269e2af,83374,6be66990c8e8856b386543255055a834,0,1,,,
preview/glorydayjp.p.opus,79620,c46c45bed0200184e5b073b0737ac5d2,79120,f09a3037ef46aa9e525b0c5e4c0c36d4,0,1,,,
preview/glorydaykr.p.opus,81720,06316c8f6fa7b28ef5464528815e1a66,81224,953ab4863f438008bd1d4ed40403db74,0,1,,,
preview/gobaek1.p.opus,91391,ad340c30d174913fb2f4b8213a4faaad,90941,8f8a9211ae261dd670a30af00f28e260,0,1,,,
preview/gobaek2.p.opus,92920,4388f1f56f0718aecf74863294e5ad0d,92474,ed11d6f746d0a8a0d5cd88db27ee217a,0,1,,,
preview/goneastray.p.opus,80114,4aea3a98d1563e45479bd6748e5a2857,79625,13d1d7c9762c55c48a1f5af898cddc5d,0,1,,,
preview/grave.p.opus,81744,2e774fa3dd1bdb13ea1f8535e889cfb7,81270,15264c9b251406bfd619e5f69aa8597e,0,1,,,
preview/hamsin.p.opus,83555,a5d3394c6f99ba31d2a2a5236274137e,83077,e16a607c7a667f4e4a1dac6d75e3d635,0,1,,,
preview/hanzup.p.opus,82410,2ba3207bd6c6519ba43ac3fb947ba6a7,81943,86ab789a89b47e114b3c27db38dad095,0,1,,,
preview/heartofwitch.p.opus,77702,72d801afcf724aa7b1a8f3c3cb5146dd,77201,b89eba5104b7b71963f73102e9d2803f,0,1,,,
preview/hellopinky.p.opus,83610,aeb800025aa563034175e793078d0380,83141,94cb7461c81acc119e870092183a3d30,0,1,,,
preview/hereinthe.p.opus,84710,293975f8f13c09b44da57f240babb086,84246,f01496e71338025c3af439789bd544a9,0,1,,,
preview/hexad.p.opus,83395,33df8d1395e62e4f9a8d8efcf0036a3d,82918,7aaf5a870e3360e766fc67e9ed816b51,0,1,,,
preview/honeymoon.p.opus,78543,63f2ebeada64343f1e76dc31ce146a57,78028,68f4db5f3a0eacfd141706e68e8433bb,0,1,,,
preview/if.p.opus,77942,239e8cb7f4d581066cff17ac51ab7ceb,77447,4e61721cb1d3a5c43316d18080b34f42,0,1,,,
preview/inmydream.p.opus,80844,a17a93382bdb3fd3b38a44bec7f2d3fa,80351,3dfa2e84c6f8f22154e49b60470bcaa3,0,1,,,
preview/inmyheart.p.opus,80926,1db70bb161efde8f144fcd107da563be,80444,23297b5aba7e51b0b3f65a8672b07d01,0,1,,,
preview/iwantyou.p.opus,84818,684699f250a174783f3a8d361a68ed74,84357,ad19726abc5570fab3e8d35e125ba006,0,1,,,
preview/jbg.p.opus,82302,11fe697883e87cac7ab7c477da3b9cb2,81830,fb9432614f65873979e4ea6abc239282,0,1,,,
preview/jealousy.p.opus,79913,2eecb3e818df0f3a931be91983b5aa12,79436,b75d01332efb1655ea7d9f3055b1ac86,0,1,,,
preview/jupiter.p.opus,87098,b2a516739b2560e88ad937297aa09d83,86648,de4e1e0a7d30a6db2d6edc7a71966b92,0,1,,,
preview/justtoday.p.opus,81773,d69f3c990a47ed7594b843bf1d81e3df,81294,28ea02ff3a31b6aa7c9599ab371152ec,0,1,,,
preview/kalwrnw.p.opus,89650,96f6183eae27ab1c6767132e12b55c53,89189,e7f56f1909563bf38ce35948f76d3505,0,1,,,
preview/keystothe.p.opus,80909,b6aab51e70b654405bcc747ba5a4cb73,80423,64f2507c1b569befeccee2b41d064ff8,0,1,,,
preview/killerbee.p.opus,84007,0168b73834ac4bdaeabf45f408589743,83523,816cab3c9ec2a391b8c88c07621fab2e,0,1,,,
preview/kungfu.p.opus,79055,8e83ee5d81cbcf27a04b69e91c8ec0a0,78564,6a83055a576d56f7c6b343919eb366d8,0,1,,,
preview/lacamp.p.opus,95740,eb2c0e3bb622c1289fd4892f1ea0fb63,95318,85bfc1f2e3de608c95a797cb0287da56,0,1,,,
preview/ladymade.p.opus,80972,141c771eee4631ff30bd41d1d3f2224b,80490,386485d756054bf26040cbf8836cd0fe,0,1,,,
preview/landscape.p.opus,86936,9981f02be91c6db3df772ca7c7e373fb,86482,49e1259dfeff532385b2fd87eeb7ea72,0,1,,,
preview/leaveme.p.opus,76845,508f2ef5776c4bb17813b08fa3122252,76352,bd77b75ed8e0a5dec0fe22b3a91336b5,0,1,,,
preview/lemonade.p.opus,83379,d166f6ca26f97db32068c35e935f3325,82898,8fbacac62e7c51837cb2599112151931,0,1,,,
preview/liar.p.opus,80085,ca6b42d4710388035e786cb6b2bcc7e3,79597,4e455bb79172339493cdc35c3785b0a5,0,1,,,
preview/lifewithu.p.opus,89372,4accd73a6d8157851883a214c96740f4,88914,01572232b9dbb441bfa6667f4904a1bb,0,1,,,
preview/lighthouse.p.opus,86469,2855d619715f535787f0f60168538b50,86010,bdbbbfb635349510a43906746856077d,0,1,,,
preview/lonely.p.opus,79363,e0722b024434421421ea21047339885f,78883,0480f74f7a503f4b1afea15c5866b01a,0,1,,,
preview/loveis.p.opus,87166,ed0c24b6e6bed5463f0c88f4b7277214,86703,f606d46b6623940e91a520eb369f8a86,0,1,,,
preview/lovely.p.opus,77628,5f136b605f7b626d40a35a95e5aefff6,77132,a7690507ae652d2a9dbdf594c94d24e4,0,1,,,
preview/lovepanic.p.opus,86162,dbb44ddc9455965970d807a8cbef4099,85707,236e4a63144bbc7babe1f1614b37a770,0,1,,,
preview/lover.p.opus,87345,2d6a38f186d4d97ab9dca06d14d3a23b,86895,851a46062e29a28458f2b35cccc6bded,0,1,,,
preview/luvflowrmx1.p.opus,80710,2cf6681b06f0e257fc6b1078ad181b7f,80224,0b28c2732d861dc48b29b884f80d63f6,0,1,,,
preview/luvistrue.p.opus,83501,a16f0d2e09ae3c9303736a4e98367677,83032,ef445481a7a94786ffb34770c168ba78,0,1,,,
preview/luvyourself.p.opus,84848,6859a7632dd7393c210a49d9dea1cf84,84386,0182256130a3084ac3eee275755fb626,0,1,,,
preview/masairmx1.p.opus,82038,699344e08d98118ed5fcd226fc9e93c3,81569,efe102d32b1adb31cdecd576c66805be,0,1,,,
preview/mellowd.p.opus,81184,5124bd39ba7d3d807eb909eb40293e3e,80699,73ac7a1433cb9e6e4a84c3c1f44bca05,0,1,,,
preview/melody.p.opus,83399,89c0fb494b8a260e3d6feeb041c4e379,82930,3ea01be052af9b197025f58c3d7da31c,0,1,,,
preview/memoryofbeach.p.opus,83005,95cc4f734debb02fa34e50556d79e39f,82518,6c567052298793467c0491411654e3b6,0,1,,,
preview/miles.p.opus,95760,b5ba9083458230d2699e528854c1a25e,95328,ba5aef2b5bfec7e5999da62da766f5ac,0,1,,,
preview/mindcontrol.p.opus,77015,36e52e118dfea8b962938727a675a5b2,76521,8d51f34c3865ca5bc981745633bb1bcd,0,1,,,
preview/monoxide.p.opus,77517,498b2a7a05e44ea667bc125ec5a086ff,77013,2c39be5a77441504a08869bf4e493afd,0,1,,,
preview/morning.p.opus,83097,d4285e421326e1ee1e5a2fa270f8f8e0,82615,531370140f03c82c3a9204e021b113c4,0,1,,,
preview/mukilteo.p.opus,88182,0d718a4a0bb10d96285012b0840020bd,87737,e6a4125d41faeb9f699df73f6feaef82,0,1,,,
preview/myheart.p.opus,79993,5266986fd8605bdf6ac6f3fa6c883d23,79509,420f9953ba8ddbde523c3839fc6c194b,0,1,,,
preview/nanorisk.p.opus,75377,915acd182cb14f7b15106ea533690285,74860,877567767ebdd5060ecd2e8a81a2d6dd,0,1,,,
preview/nbpower.p.opus,77358,44b9d45e307b2ec760056170e97b8f84,76854,39b14e909a4e22e5cedabf6130eb7f65,0,1,,,
preview/nbranger2017.p.opus,82578,3c5b8981d904e8ba627e5b695fcd491a,82092,48c233ea3a59f702867e3a962ca98dff,0,1,,,
preview/net.p.opus,88599,09c5f81619657b0ab3ee4aa74e0d271a,88151,2d5fedd0b52d382a61116668b54d4543,0,1,,,
preview/nevermind.p.opus,84100,01764a18ed21256c8d7ea60330d7ca3b,83628,71cef3dd04135314168bb281e23d7093,0,1,,,
preview/neversay.p.opus,86043,cbc15a2d46323f33ba09423db8bd9c14,85582,6f2cb44e80b27160554b393f731a1c2d,0,1,,,
preview/newday.p.opus,81368,8d3df6dd935b46fd158dd3d7f893d95a,80883,33869c20bb626d736173deba01bc674f,0,1,,,
preview/novarmx.p.opus,85941,b0527ddc7e9e9142723ce2f66d7ef916,85477,1a99b76d9222116b189ab96b61ffa119,0,1,,,
preview/oblivion.p.opus,83602,cc7f819f4a1b793ef1283c5fc5065aaf,83132,c4efc8858959956850a3a3ebd3e3cf2c,0,1,,,
preview/oblivionrmx.p.opus,78324,0b95c000e52195b71f5b8569ca8f2623,77831,717ff00b949f0938bd447b0a749686c4,0,1,,,
preview/orbital.p.opus,91513,e3fd99120236b465cc428122dc8181b6,91042,54a72dd5b50b875a823de05196ec5b5d,0,1,,,
preview/outlawreborn.p.opus,79308,f272cf93aa5b790d2232f79b63f9653d,78827,09956ca083cd4e4c0ec8fd18bde8bc50,0,1,,,
preview/outofcont.p.opus,75084,b30bee0caea61bf2953877006c095c89,74581,c5855572ff843ce44e5cdc0b447dc5ec,0,1,,,
preview/overyourdream.p.opus,84358,e9020c65fe84dd1bacacd96b5c7346f0,83863,0e12da4eaca5e3d31acb6990583b6df3,0,1,,,
preview/piano1.p.opus,79467,d296a789a0cf98ec57439584c492f1f8,78965,aadeef7ea4f497b01768fd33daf0ecab,0,1,,,
preview/playthefuture.p.opus,83535,cd98310acd8891648f0bd2dcdf77fbd6,83048,99274a7ebad965fb851d6c5a7aa74745,0,1,,,
preview/putemup.p.opus,87465,b6dee985dd3f8df3c438e62c1bb1f313,86932,9a7ab2828e73dee378565eac68acbcd1,0,1,,,
preview/puzzler.p.opus,85892,9c89c5fd68caf11fd7b7b9ae59c34237,85432,66d1ac7d4f9635e02bc82c9cfd31dff9,0,1,,,
preview/rage.p.opus,78558,567c44f6de9b0f4f9f52ef27d6f577ff,78069,54850f56504a222b6beddd3d2a74399b,0,1,,,
preview/rainbow.p.opus,82716,08db3863befc3924351f329eb2aa8cd4,82240,d4e3369b68c96f294aeea71aadbfff2f,0,1,,,
preview/rainmaker.p.opus,81420,6d30f0c49845afd0684d6e420721a076,80924,049e89b3b3b66477a8c7b61b8e8cb1f0,0,1,,,
preview/raisemeup.p.opus,79875,1c3e5c1ffa652cfd2f7fc0bae23c395f,79387,67b6feb66603993da813efabfc1a0994,0,1,,,
preview/rayof.p.opus,79189,92874f79b898755409237dccc0a0bd58,78695,5c532b3071693deb29a1fa4373b107f7,0,1,,,
preview/readynow.p.opus,82720,5de897c982a36c46805024f30796d622,82249,bf7929391d01ab8637c98fd0fc913c56,0,1,,,
preview/remain.p.opus,78044,e7907d0ff458a3cc5f0afe8d5ccfba47,77549,a08aa9d136d6eb6b5c4c86f7176679b4,0,1,,,
preview/remember.p.opus,83643,4a686c774324e70eb26d549c4ba748dc,83170,b5d9bc1062ee2ad5677c8e42e8cac2b6,0,1,,,
preview/renovation.p.opus,88450,69e6fbe3da7ee57801d8095068e494dc,88001,a06f2d68e02b444e819cbac75ccb8b65,0,1,,,
preview/retention.p.opus,87688,d26da5d222a0904d20817f5180399ea3,87232,2ddfc884a8ce41bfb1c6f9d40835f032,0,1,,,
preview/rightback.p.opus,83616,8b73a01ed30d47d2a8f84ad75c12a226,83131,021d95bdffd7a39d41a2c359f024cd3c,0,1,,,
preview/rockstar.p.opus,77370,a233dc87fee66c207a1df195d7da28b0,76879,e3a52179333210a3149135649c6db03e,0,1,,,
preview/rolling.p.opus,77774,9e20aa6d578726bf76ca393ed7216175,77286,46df0bc55fb6b984fbc02ae0e227d342,0,1,,,
preview/rutin.p.opus,84326,90157173e625eb7c51659bfe4a5add2b,83867,18e6bc15e2f6a6ffaeb556c42ed713f9,0,1,,,
preview/sayitfrom.p.opus,81769,8fe8e5d1bec31f09338c69bb254b00ee,81292,b61992fcb1ba4f48dcc0db76e03343a0,0,1,,,
preview/season.p.opus,82058,b8d4b10d9a62efe603fa766c7d124ec7,81586,1cbe4fa91bdb2a9ee2b4403722767dbe,0,1,,,
preview/secretworld.p.opus,83622,588454d6f4eaae85bd0170298af8957f,83155,f31b10271b8b687f8ce91138dc202867,0,1,,,
preview/seolaim2.p.opus,86066,59ef08b64342b7599a8359129d39653c,85610,535457672bc12349897b222f625a5ecc,0,1,,,
preview/shadowflower.p.opus,83907,279115e96eea061018aaf08ede6fb887,83437,cd11f45e7c7a6c06c4b46bbe8d31a2d8,0,1,,,
preview/shiningmyboy.p.opus,83227,8af226d28a3f199142d390f412daa09e,82750,158ec2800398d8da66aeb029759e236f,0,1,,,
preview/shoreline.p.opus,78974,7e1f1276062d130342d4e050bc92ad69,78493,7e5eed42e4f6bef202fe33b6ef5c3577,0,1,,,
preview/showdown.p.opus,79141,7a1fb0b12293ffc840cba2bd82150279,78658,4324a410c76c7ee2786a787fdc1e02ec,0,1,,,
preview/signal.p.opus,82843,9ff8d48b165cffb89702fdabf291694d,82375,cd8aad8088ea7b16e9ed4f570a9a2954,0,1,,,
preview/silentclarity.p.opus,84664,f7f99781e0ed923265e9eee448e1e599,84166,629a8066078fe19088c00b59c1ede848,0,1,,,
preview/sin.p.opus,80485,95d9b48ddb3b36c9a87dc9a0ed38030c,80006,8b3cfb147026dc780da9bab90722353c,0,1,,,
preview/sixpence.p.opus,84584,72ff286333ce8ac4b74091828d970796,84122,0bfdca9c96c5b448420ceeefece3ce97,0,1,,,
preview/someday.p.opus,82782,fe801bddc2ac891b23b885fadd138c7d,82301,7761838001f7bf09d2feee26ebe385a5,0,1,,,
preview/sonof.p.opus,79401,c871f1d6e05b5305e1c445c79c5e021a,78891,33a7217d7811dd9ec7fb4ce4f78c0cb1,0,1,,,
preview/starlight.p.opus,85893,74ad7cb6e640e186cee4b329acad3287,85420,0b5d8c72abadc02c83e76ab61726c81f,0,1,,,
preview/stop.p.opus,82936,03f2d2f7409b01047f0ee015047690ef,82459,1c6949cf4b4ac4825f7a910bef29edb3,0,1,,,
preview/sunnyside.p.opus,86829,f82ef580270106b28de21765f4b4ea3b,86371,c7a1c2fbc9656ec6d5cf8f075d242ceb,0,1,,,
preview/super2011.p.opus,76374,5116de6f0e3198f5a7715874b0488492,75879,2500f94b50b30641b4f0c82980abb99f,0,1,,,
preview/supernova.p.opus,79015,8fd4f51c968782833a0d26e6cd740d08,78535,6ee1f8347e81c05b5ae48ef6d3a930c0,0,1,,,
preview/supersonic.p.opus,78988,53bdeb40ef0d2a0de9df58021f7dc423,78502,bc4100d950e2ef0026f68570855026f9,0,1,,,
preview/supersonicrmx.p.opus,78634,fcbdc3c7892760e15be49cca4ea9927d,78153,1387a8f4b5c0df0de6c8471968b7e56d,0,1,,,
preview/sweetdream.p.opus,84712,73baea61e8f9c9e178ac35450bbbbcfe,84228,8b981de8e75e345bd4107decf658c41d,0,1,,,
preview/sweetshining.p.opus,86078,023f00ada22a685b75a67d7defe3e1ad,85608,6406b113b76cd5aeb12342477067d424,0,1,,,
preview/symphony40.p.opus,83878,8b8e4ae4655cef495682d7d70af35992,83412,17946d480ba961654f67ba956ec99142,0,1,,,
preview/takeonme.p.opus,85291,a94ee97d6b4910d41eb5e342b2c7947d,84827,64d8ce228b1e67f501fc01021dbaf52f,0,1,,,
preview/tdot.p.opus,85251,0b8b93138bd624aeb40d61ec3f5e1578,84795,29e5a2d7c1844c0a13be32d035cebba3,0,1,,,
preview/theclear.p.opus,83218,ea7d70fdc7a30721575046bf2cc595d9,82738,5981303c35d6f92f44addff27a002b3e,0,1,,,
preview/theguilty.p.opus,79734,aaf6ce67d35a69c74aafb0defd34a7e7,79243,bccebef4d3943ba8f216073ea5a26772,0,1,,,
preview/thelastdance.p.opus,81359,701feede2fa969bec4582d5c85b92cd6,80888,67840151d73f9b9889bdb537aeccb49a,0,1,,,
preview/themax.p.opus,79574,bf89a250ab3e4d7b79e83595cd50929f,79092,64589bfab7b849000a4b907c027f0732,0,1,,,
preview/theone.p.opus,86172,5cfa345095960a152680424adaa4c796,85711,616fe29e187816aac3cf53a0611ec410,0,1,,,
preview/thor.p.opus,82541,41c154dfe79d495070c490649b8906f4,82073,c8a8535606cbe407f4b71c6df8396b3b,0,1,,,
preview/thorremix.p.opus,78478,7c9248268810911123d96f7eef49ca67,77985,c779b6d252e73df923e50d61fd3cd0d0,0,1,,,
preview/trip.p.opus,80077,71f8f580410bce0e62225ef13da738ff,79599,fa5953d50093d7fb0f6664e54692391e,0,1,,,
preview/uad.p.opus,86008,4e8681ed6a8a06986d71bde51b33e090,85542,989fa3779cf80d5cc69bd846aaa47316,0,1,,,
preview/vortex.p.opus,78828,3827a87a7f5b855c43f52d15c8a2a885,78338,d8dfbe2fed108b47c7f093a501960c7d,0,1,,,
preview/voyage.p.opus,87520,ada1fad9f0ca8d8ddd7dfdcaee47da68,87049,d51eec805e683f10f901e93e9d861780,0,1,,,
preview/wannabe.p.opus,87352,3346c0e24c4d1b26894a10a9f408d4cc,86842,6bfa604573e6a5d359ffe3806210a492,0,1,,,
preview/watchyour.p.opus,80183,a1843fbd730e6182e5d6639835852bba,79704,06cce38ef70819f043b9e42af492e6ee,0,1,,,
preview/whiteblue.p.opus,80271,0b25bbda1cd9cb3e5aff70e329de2838,79786,d7c3d5bd034d25759fb55e4ca29fe9a6,0,1,,,
preview/xeus.p.opus,82393,0961db67532ddccf9962ab1f311ec159,81921,d9a9ecc438566e5bb02f9c8010340be2,0,1,,,
preview/xlasher.p.opus,84271,232e09adbbb3bf02d375d182798460b7,83790,c78866d13e0366f0e6d36fe500947fa7,0,1,,,
preview/y.p.opus,84339,fa0936e5a8a0a5bd6cfac6729cc82973,83881,a4508c06f0db901ac8dd44711485c552,0,1,,,
preview/youandme.p.opus,79189,601390ffecfb1e86a08dca7d9584afae,78698,3e06b4e63e5b12f0b914a8eb79d65ced,0,1,,,
preview/yourown.p.opus,79339,4f701292095e78fc1b32f6d2ec20a28b,78857,aa9505db95c3f229385befdc1a19c22d,0,1,,,
preview/youshould.p.opus,78170,73c1168b62bed296cd5f9c485f26519b,77676,254ac1a9a461adf5049537de550af669,0,1,,,
preview/zetrmx1.p.opus,80572,1bc5c8cb09ef38955f61c0f0b56fbd58,80087,a06a89665773232ffe52d4d79910cff9,0,1,,,
table/cn/acievement_desc_cn.csv,2718,d40414e1d6bc753661d8c239eb6a8466,1148,57f3e5fe7044ff7e88b9dc50ef710206,0,1,,,
table/cn/category_categoryproduct.csv,9618,9745755de424e430463aa1cfd9943789,,,0,0,,,
table/cn/ingameitem_ingameitem.csv,463,494a79ac7b31f857e6516c8bd07e093b,300,9a8a87c9000eaa631e9d88b7e9dfcb9e,0,1,,,
table/cn/ingameitem_itemeffect.csv,1162,70c2f70d4f8dceb2c0eef6d74ec03a12,553,c78b883736c4b04779ff75e8ae6f5d07,0,1,,,
table/cn/item_desc_cn.csv,23673,7528df04231f512170f21f068df16c7c,,,0,0,,,
table/cn/product_item.csv,28631,746d0077af690b902c444dc5c29cd268,,,0,0,,,
table/cn/product_product.csv,41837,29127b68ba49999b8ae528c0b8a96d46,,,0,0,,,
table/cn/quest_achievement.csv,4068,af3f37dc5b3667af4dfeed039db884ed,1736,1d93002cb29d02d9eba21b42e32cdfd1,0,1,,,
table/cn/quest_desc_cn.csv,14289,af58fcce4b87f071790bb88e105f3d45,3004,f3e7893b804e4cfb070491e3ba440c56,0,1,,,
table/cn/quest_mission_desc_cn.csv,26679,4f26c2ad75a8fdb3a74cf569bda3fdd8,4675,a0a49384e68a2227f6a43306fd66992c,0,1,,,
table/cn/song_desc_cn.csv,14174,2d5cb28b7ddb8d40eeff91b384617945,,,0,0,,,
table/cn/song_song.csv,22838,0dbe6bec3d8ccaf64a1abeb0f8f23fd2,,,0,0,,,
table/cn/song_songPattern.csv,30223,0087a1b65fe6360862f3e454c8b99e4f,,,0,0,,,
table/jp/acievement_desc_jp.csv,3777,f7b3a7f3ef54af84b24fb3fa84b79c19,1337,3d3c66ee930d03927b02dcef6f2cf625,0,1,,,
table/jp/category_categoryproduct.csv,9618,9745755de424e430463aa1cfd9943789,,,0,0,,,
table/jp/ingameitem_ingameitem.csv,463,494a79ac7b31f857e6516c8bd07e093b,300,9a8a87c9000eaa631e9d88b7e9dfcb9e,0,1,,,
table/jp/ingameitem_itemeffect.csv,1162,70c2f70d4f8dceb2c0eef6d74ec03a12,553,c78b883736c4b04779ff75e8ae6f5d07,0,1,,,
table/jp/item_desc_jp.csv,28018,74193e4cedda036718e333e86db7c394,,,0,0,,,
table/jp/product_item.csv,28631,746d0077af690b902c444dc5c29cd268,,,0,0,,,
table/jp/product_product.csv,41837,29127b68ba49999b8ae528c0b8a96d46,,,0,0,,,
table/jp/quest_achievement.csv,4068,af3f37dc5b3667af4dfeed039db884ed,1736,1d93002cb29d02d9eba21b42e32cdfd1,0,1,,,
table/jp/quest_desc_jp.csv,23137,7ad341b01be79204445a5e44aabc1532,3094,916678361d656616397b6fbfeeaa99f9,0,1,,,
table/jp/quest_mission_desc_jp.csv,25886,921ccbe19ade3ebeb49222751a44b175,4264,890966a705401c4ce7104e5de74f9d7f,0,1,,,
table/jp/song_desc_jp.csv,14174,2d5cb28b7ddb8d40eeff91b384617945,,,0,0,,,
table/jp/song_song.csv,22838,0dbe6bec3d8ccaf64a1abeb0f8f23fd2,,,0,0,,,
table/jp/song_songPattern.csv,30223,0087a1b65fe6360862f3e454c8b99e4f,,,0,0,,,
table/kr/acievement_desc_kr.csv,3481,105a96a77c5a0951e4be8b830ee18e33,1267,82be520694045a19d14d615b3b331b76,0,1,,,
table/kr/category_categoryproduct.csv,9618,9745755de424e430463aa1cfd9943789,,,0,0,,,
table/kr/ingameitem_ingameitem.csv,463,494a79ac7b31f857e6516c8bd07e093b,300,9a8a87c9000eaa631e9d88b7e9dfcb9e,0,1,,,
table/kr/ingameitem_itemeffect.csv,1162,70c2f70d4f8dceb2c0eef6d74ec03a12,553,c78b883736c4b04779ff75e8ae6f5d07,0,1,,,
table/kr/item_desc_kr.csv,37680,1a66d2df475edc6b73841b9b0d209662,,,0,0,,,
table/kr/product_item.csv,28631,746d0077af690b902c444dc5c29cd268,,,0,0,,,
table/kr/product_product.csv,41837,29127b68ba49999b8ae528c0b8a96d46,,,0,0,,,
table/kr/quest_achievement.csv,4068,af3f37dc5b3667af4dfeed039db884ed,1736,1d93002cb29d02d9eba21b42e32cdfd1,0,1,,,
table/kr/quest_desc_kr.csv,20239,e0ac0196ddf82cb2633e59a733df1d8d,3121,9c86cfb2c6e12bf9f6e68df3bc483202,0,1,,,
table/kr/quest_mission_desc_kr.csv,32883,86c94049692f7aef2275b98813f120d1,4519,0a19aaf69b9e7e13dc035f36e163cbaa,0,1,,,
table/kr/song_desc_kr.csv,14200,ca747dd0e35b1e6c74570779cfca464b,,,0,0,,,
table/kr/song_song.csv,22838,0dbe6bec3d8ccaf64a1abeb0f8f23fd2,,,0,0,,,
table/kr/song_songPattern.csv,30223,0087a1b65fe6360862f3e454c8b99e4f,,,0,0,,,
table/slang/slang.csv,59040,75d0ca7f2babf9b0f138feff1e436318,27308,6279188639172bbf3f0cdd536e7cd7c7,0,1,,,
table/tw/acievement_desc_tw.csv,2514,3e2081414807f1c0cbbd0583893fc1c5,1118,8103ac023a56fac68569d82deb3be207,0,1,,,
table/tw/category_categoryproduct.csv,9618,9745755de424e430463aa1cfd9943789,,,0,0,,,
table/tw/ingameitem_ingameitem.csv,463,494a79ac7b31f857e6516c8bd07e093b,300,9a8a87c9000eaa631e9d88b7e9dfcb9e,0,1,,,
table/tw/ingameitem_itemeffect.csv,1162,70c2f70d4f8dceb2c0eef6d74ec03a12,553,c78b883736c4b04779ff75e8ae6f5d07,0,1,,,
table/tw/item_desc_tw.csv,23664,69aa192a9c0699fe3c19da7f728a4b11,,,0,0,,,
table/tw/product_item.csv,28631,746d0077af690b902c444dc5c29cd268,,,0,0,,,
table/tw/product_product.csv,41837,29127b68ba49999b8ae528c0b8a96d46,,,0,0,,,
table/tw/quest_achievement.csv,4068,af3f37dc5b3667af4dfeed039db884ed,1736,1d93002cb29d02d9eba21b42e32cdfd1,0,1,,,
table/tw/quest_desc_tw.csv,14868,95616678ed2a248eecd2e350c1f8abb6,3017,47411ffd91ec74a6d55482e6c637c3a6,0,1,,,
table/tw/quest_mission_desc_tw.csv,26716,616f375d0ea1cc3b3e003bb9de8dd4bd,4664,b4ada52851b70f66a1690e00ab793908,0,1,,,
table/tw/song_desc_tw.csv,14174,2d5cb28b7ddb8d40eeff91b384617945,,,0,0,,,
table/tw/song_song.csv,22838,0dbe6bec3d8ccaf64a1abeb0f8f23fd2,,,0,0,,,
table/tw/song_songPattern.csv,30223,0087a1b65fe6360862f3e454c8b99e4f,,,0,0,,,
table/us/acievement_desc_us.csv,2937,b3c0f4b2ec37c50faa1b53ed1f160f3b,1218,fad58ee3ff4d68167a57f017967bd02d,0,1,,,
table/us/category_categoryproduct.csv,9618,9745755de424e430463aa1cfd9943789,,,0,0,,,
table/us/ingameitem_ingameitem.csv,463,494a79ac7b31f857e6516c8bd07e093b,300,9a8a87c9000eaa631e9d88b7e9dfcb9e,0,1,,,
table/us/ingameitem_itemeffect.csv,1162,70c2f70d4f8dceb2c0eef6d74ec03a12,553,c78b883736c4b04779ff75e8ae6f5d07,0,1,,,
table/us/item_desc_us.csv,23541,f01ed3364938654770c76aa372187fdb,,,0,0,,,
table/us/product_item.csv,28631,746d0077af690b902c444dc5c29cd268,,,0,0,,,
table/us/product_product.csv,41837,29127b68ba49999b8ae528c0b8a96d46,,,0,0,,,
table/us/quest_achievement.csv,4068,af3f37dc5b3667af4dfeed039db884ed,1736,1d93002cb29d02d9eba21b42e32cdfd1,0,1,,,
table/us/quest_desc_us.csv,15644,5f54e8e854c0b4720bb9245e9568015e,3003,0219532830402307602de45d83189683,0,1,,,
table/us/quest_mission_desc_us.csv,28383,77260231e974d896f1cd1793c76605e9,4252,53a8764ff6bdbbbdeaed2535ffe19129,0,1,,,
table/us/song_desc_us.csv,14174,2d5cb28b7ddb8d40eeff91b384617945,,,0,0,,,
table/us/song_song.csv,22838,0dbe6bec3d8ccaf64a1abeb0f8f23fd2,,,0,0,,,
table/us/song_songPattern.csv,30223,0087a1b65fe6360862f3e454c8b99e4f,,,0,0,,,
